id,experience_years,experience_band,technical_score,personality_score,communication_score,attentiveness_score,eye_contact_score,filler_ratio,avg_answer_seconds,grammar_score,confidence_score,tab_switches,window_blur_events,screenshot_attempted,device_detected,gaze_off_over_20s,camera_available,mic_available,english_only_violation,final_score,decision
1,13.4,industry_veteran,68,71,63,79,74,0.162,60,55,67,0,0,0,0,0,1,1,0,60,fail
2,8.6,senior_professional,91,79,54,82,94,0.01,81,67,91,0,0,0,0,0,1,1,0,77,pass
3,4.9,mid_level_expert,97,85,100,87,82,0.018,112,92,79,0,0,0,0,0,1,1,0,79,pass
4,2.7,junior_professional,71,57,84,58,70,0.096,90,67,54,0,1,0,0,0,1,1,0,48,fail
5,12.4,industry_veteran,81,89,51,72,65,0.156,36,80,69,0,0,0,0,0,1,1,0,63,fail
6,5.5,mid_level_expert,48,59,60,74,60,0.125,100,70,54,0,0,0,0,0,1,1,0,45,fail
7,0.5,fresher,80,100,82,91,100,0.114,117,100,100,0,0,0,0,0,1,1,0,78,pass
8,3.9,mid_level_expert,89,68,59,64,63,0.221,84,58,41,0,0,0,0,0,1,1,0,57,fail
9,4.0,mid_level_expert,94,100,82,100,81,0.13,116,95,94,0,0,0,0,0,1,1,0,93,pass
10,5.5,mid_level_expert,90,100,100,98,98,0.03,121,92,94,0,0,0,0,0,0,1,0,96,fail
11,0.8,fresher,31,51,59,78,53,0.187,49,65,59,0,0,0,0,1,1,1,0,43,fail
12,2.3,junior_professional,77,58,51,72,59,0.202,77,65,69,1,0,0,0,0,1,1,0,60,fail
13,4.0,mid_level_expert,40,35,74,34,44,0.131,119,57,73,0,0,0,0,0,1,1,0,41,fail
14,10.9,industry_veteran,80,94,77,87,100,0.082,41,87,100,0,0,0,0,0,1,1,0,71,pass
15,11.2,industry_veteran,100,74,82,91,100,0.098,94,85,78,0,0,0,1,1,1,1,0,79,fail
16,14.9,industry_veteran,86,95,75,75,100,0.051,129,94,95,1,0,0,0,0,1,1,0,89,fail
17,5.3,mid_level_expert,90,61,89,97,95,0.053,49,95,88,0,0,0,0,1,1,1,0,77,fail
18,7.1,senior_professional,63,60,87,90,97,0.01,103,83,69,0,0,0,0,0,1,1,0,63,fail
19,7.1,senior_professional,96,100,91,78,79,0.146,55,80,84,0,0,0,0,0,1,1,0,89,pass
20,0.5,fresher,54,59,46,39,80,0.23,38,29,31,0,0,0,0,0,1,1,0,39,fail
21,1.8,junior_professional,73,98,100,76,82,0.104,36,100,78,0,0,0,0,0,0,1,0,88,fail
22,1.0,junior_professional,26,55,63,41,52,0.066,89,72,49,0,0,0,0,0,1,1,0,50,fail
23,1.8,junior_professional,85,78,78,94,83,0.01,130,87,69,1,0,0,0,0,1,1,0,83,fail
24,13.1,industry_veteran,74,56,71,58,58,0.122,71,80,55,0,0,0,0,0,1,1,0,45,fail
25,12.6,industry_veteran,68,49,60,58,53,0.199,69,57,58,1,0,0,0,0,1,1,0,59,fail
26,5.1,mid_level_expert,100,100,100,100,100,0.049,38,76,82,0,0,0,0,0,1,0,0,88,fail
27,0.7,fresher,77,53,74,63,63,0.104,35,69,91,0,0,0,0,0,1,1,0,62,fail
28,5.5,mid_level_expert,83,89,83,100,100,0.115,63,100,87,0,0,0,1,0,1,1,0,81,fail
29,1.9,junior_professional,95,80,98,100,98,0.035,109,100,100,0,0,0,0,0,1,1,0,87,pass
30,0.2,fresher,48,38,55,45,16,0.052,26,51,40,0,0,0,0,0,1,1,0,38,fail
31,3.6,mid_level_expert,64,91,81,74,92,0.028,35,87,78,0,0,0,0,0,1,1,0,68,fail
32,0.4,fresher,80,100,69,95,89,0.117,120,100,96,0,0,0,0,0,1,1,1,76,fail
33,0.1,fresher,81,94,100,100,92,0.083,113,88,83,0,0,0,0,0,1,1,0,83,pass
34,12.0,industry_veteran,68,49,56,41,48,0.139,42,49,45,0,0,0,0,0,1,1,0,48,fail
35,6.4,senior_professional,51,59,12,60,22,0.138,71,48,77,0,0,0,0,0,1,1,0,42,fail
36,0.3,fresher,67,80,76,66,70,0.069,108,58,69,0,0,0,0,0,1,1,0,66,fail
37,3.5,mid_level_expert,49,56,59,63,62,0.144,89,57,48,0,0,0,1,0,1,1,0,45,fail
38,8.8,senior_professional,95,96,62,91,91,0.135,79,65,89,0,0,0,0,0,1,1,0,71,pass
39,7.4,senior_professional,47,53,59,42,66,0.168,129,26,69,1,0,0,0,0,1,1,0,37,fail
40,2.0,junior_professional,100,74,90,94,91,0.096,48,78,81,0,0,0,0,0,1,1,0,76,pass
41,12.0,industry_veteran,44,33,55,62,37,0.093,109,52,38,0,0,0,0,0,1,1,0,36,fail
42,14.6,industry_veteran,60,35,67,63,72,0.122,128,66,60,0,0,0,0,0,1,1,0,61,fail
43,11.7,industry_veteran,100,89,100,88,86,0.036,33,89,100,0,0,0,0,1,1,1,0,100,fail
44,5.2,mid_level_expert,61,56,44,61,10,0.046,42,53,50,0,0,0,0,0,1,1,0,51,fail
45,3.3,mid_level_expert,68,36,43,88,57,0.16,41,72,76,0,0,0,0,0,1,1,0,58,fail
46,0.6,fresher,6,32,0,17,28,0.139,118,27,36,0,0,0,0,0,1,1,0,12,fail
47,13.7,industry_veteran,66,68,50,58,63,0.194,112,64,49,0,0,0,0,0,1,1,0,56,fail
48,4.1,mid_level_expert,42,52,82,59,59,0.216,96,47,50,0,0,0,0,0,1,1,0,43,fail
49,10.5,industry_veteran,64,65,100,69,54,0.069,96,57,76,0,0,0,0,0,1,0,0,67,fail
50,1.1,junior_professional,44,30,40,57,72,0.189,77,65,50,0,0,0,0,0,1,1,0,34,fail
51,6.2,senior_professional,45,66,45,78,76,0.147,36,55,68,0,0,0,0,0,0,1,0,55,fail
52,4.4,mid_level_expert,59,85,58,89,91,0.011,41,69,94,0,0,0,0,0,1,1,0,78,pass
53,1.7,junior_professional,100,100,95,100,90,0.156,70,100,90,0,0,0,0,0,1,0,0,82,fail
54,6.3,senior_professional,100,100,86,87,68,0.163,72,68,85,0,0,0,0,0,1,1,0,76,pass
55,1.4,junior_professional,100,74,85,88,81,0.1,121,57,73,0,0,0,0,0,1,1,0,75,pass
56,2.0,junior_professional,83,84,70,65,94,0.048,113,58,65,0,0,0,0,0,1,1,0,77,pass
57,0.1,fresher,90,69,75,80,95,0.109,128,50,82,0,0,0,0,0,1,1,0,68,fail
58,9.6,senior_professional,64,69,68,89,61,0.168,129,60,57,0,0,1,0,0,1,1,0,56,fail
59,2.6,junior_professional,90,90,88,86,96,0.096,49,87,99,0,0,0,0,0,1,1,0,80,pass
60,14.3,industry_veteran,100,77,87,73,52,0.078,46,71,48,0,0,0,0,0,1,1,0,84,pass
61,4.7,mid_level_expert,57,43,91,67,70,0.128,118,79,77,0,0,0,0,0,1,1,0,63,fail
62,0.9,fresher,41,47,82,59,57,0.123,59,50,60,0,0,0,0,0,1,1,0,39,fail
63,5.4,mid_level_expert,57,76,61,68,43,0.065,78,95,85,1,0,0,0,0,1,1,0,56,fail
64,0.8,fresher,54,53,36,26,47,0.149,41,35,56,0,0,0,0,0,1,1,0,32,fail
65,7.5,senior_professional,65,95,83,70,100,0.084,56,58,61,0,0,0,0,0,1,1,0,58,fail
66,12.6,industry_veteran,87,65,51,71,64,0.068,103,58,45,0,0,0,0,0,1,1,0,78,pass
67,3.7,mid_level_expert,66,100,73,97,91,0.01,108,92,95,0,0,0,0,0,1,1,0,75,pass
68,7.2,senior_professional,51,73,52,50,67,0.027,78,44,74,0,0,0,0,0,1,1,0,49,fail
69,0.1,fresher,52,100,64,83,61,0.105,45,74,100,0,0,0,0,0,1,1,0,61,fail
70,5.1,mid_level_expert,84,77,83,96,80,0.074,57,87,87,1,0,0,1,0,1,1,0,72,fail
71,2.2,junior_professional,48,64,66,44,52,0.116,97,46,66,0,0,0,0,0,1,1,0,64,fail
72,13.7,industry_veteran,46,58,29,46,51,0.193,44,30,43,0,0,0,0,0,1,1,0,33,fail
73,1.4,junior_professional,72,100,68,89,75,0.08,86,73,94,0,0,0,0,0,1,1,0,77,pass
74,10.3,industry_veteran,21,59,43,33,77,0.202,120,60,56,0,1,0,0,0,1,1,0,35,fail
75,4.8,mid_level_expert,41,50,43,49,36,0.157,89,41,65,0,0,0,0,0,1,0,0,34,fail
76,11.8,industry_veteran,69,78,60,88,96,0.135,55,100,68,0,0,0,0,0,1,1,0,62,fail
77,3.4,mid_level_expert,52,53,69,59,60,0.099,59,62,57,0,0,0,0,0,1,1,0,34,fail
78,4.8,mid_level_expert,66,65,53,72,83,0.252,58,65,83,0,0,0,0,0,1,1,0,72,pass
79,1.1,junior_professional,35,37,46,56,73,0.109,58,59,35,0,0,0,0,0,1,1,0,37,fail
80,0.8,fresher,77,98,81,81,86,0.095,94,100,100,0,0,0,0,0,1,1,0,87,pass
81,0.3,fresher,85,75,73,77,70,0.11,91,46,88,0,0,0,0,0,1,1,0,60,fail
82,0.9,fresher,79,52,58,75,62,0.225,100,76,55,0,0,0,0,0,1,1,0,49,fail
83,12.6,industry_veteran,85,37,51,73,61,0.08,26,66,67,0,0,0,0,0,1,1,0,50,fail
84,3.1,mid_level_expert,48,36,63,45,54,0.041,62,50,36,0,1,0,0,0,1,1,0,51,fail
85,1.0,junior_professional,84,93,96,100,100,0.141,113,98,96,0,0,0,1,0,1,1,0,87,fail
86,13.2,industry_veteran,66,61,65,79,60,0.01,114,77,74,0,0,0,0,0,1,1,0,54,fail
87,11.2,industry_veteran,36,72,92,57,60,0.037,72,75,62,0,0,0,0,0,1,1,0,60,fail
88,8.0,senior_professional,40,28,18,77,62,0.116,26,42,48,0,0,0,0,1,1,1,0,37,fail
89,2.5,junior_professional,68,73,86,100,89,0.059,50,94,75,0,0,0,0,0,1,1,0,60,fail
90,0.8,fresher,72,76,67,65,88,0.042,100,79,90,0,0,0,0,0,1,1,0,65,fail
91,9.8,senior_professional,70,53,46,51,53,0.18,105,66,51,0,0,0,0,0,1,1,0,52,fail
92,4.4,mid_level_expert,65,66,71,64,70,0.052,90,95,77,0,0,0,0,0,1,1,0,79,pass
93,11.5,industry_veteran,38,39,68,62,50,0.081,99,61,55,0,0,0,1,0,1,1,0,27,fail
94,2.5,junior_professional,42,64,44,58,52,0.158,31,29,44,0,1,0,0,0,1,1,0,34,fail
95,9.7,senior_professional,87,97,93,100,97,0.091,84,80,85,0,0,0,0,0,1,1,0,93,pass
96,8.2,senior_professional,62,46,75,63,52,0.111,105,69,83,1,0,0,0,0,1,1,0,59,fail
97,7.4,senior_professional,74,75,54,54,52,0.092,75,74,74,0,0,0,0,0,1,1,0,77,pass
98,5.7,mid_level_expert,78,100,100,98,84,0.144,96,85,90,0,0,0,0,0,1,1,0,71,pass
99,4.0,mid_level_expert,32,63,66,85,40,0.146,58,57,74,0,0,0,0,0,1,1,0,45,fail
100,12.4,industry_veteran,88,70,89,65,58,0.094,26,74,42,0,0,0,0,0,1,1,0,56,fail
101,0.2,fresher,70,69,66,75,69,0.16,70,63,92,0,0,0,0,0,1,1,0,67,fail
102,1.4,junior_professional,75,69,89,65,60,0.103,96,52,57,0,0,0,0,0,1,1,0,67,fail
103,5.7,mid_level_expert,61,75,82,79,62,0.01,52,82,73,0,0,0,0,0,1,1,1,61,fail
104,6.4,senior_professional,74,74,62,67,45,0.161,56,52,72,0,1,0,0,0,1,1,0,58,fail
105,12.6,industry_veteran,95,100,100,100,98,0.035,61,93,100,0,0,0,0,0,1,1,0,86,pass
106,3.4,mid_level_expert,72,100,82,100,90,0.01,89,100,98,0,0,0,0,0,1,1,0,92,pass
107,3.3,mid_level_expert,56,59,52,67,64,0.145,104,54,54,0,0,0,0,1,1,1,0,32,fail
108,0.0,fresher,67,100,92,84,65,0.222,125,86,100,0,0,0,0,0,1,1,0,84,pass
109,6.2,senior_professional,44,50,36,50,54,0.074,87,52,86,0,0,0,0,0,1,1,0,45,fail
110,0.1,fresher,26,59,36,71,51,0.091,106,38,25,0,0,0,0,0,1,1,0,37,fail
111,2.6,junior_professional,61,48,68,44,17,0.205,79,58,73,0,0,0,0,0,0,1,0,36,fail
112,6.3,senior_professional,64,81,62,75,62,0.138,28,58,59,0,0,0,0,0,1,1,0,59,fail
113,7.8,senior_professional,100,99,100,100,100,0.096,33,91,100,0,0,0,0,0,1,1,0,77,pass
114,0.3,fresher,86,69,96,94,79,0.058,29,71,84,0,1,0,0,0,1,1,0,82,fail
115,0.1,fresher,73,100,59,65,63,0.126,105,64,80,0,0,0,0,0,1,1,0,81,pass
116,0.1,fresher,79,64,60,86,71,0.087,84,71,62,0,0,0,0,0,1,1,0,60,fail
117,8.2,senior_professional,100,100,91,95,95,0.01,116,94,80,1,0,0,0,0,1,1,0,86,fail
118,10.1,industry_veteran,49,41,62,51,75,0.126,85,44,53,0,0,0,0,0,1,1,0,47,fail
119,11.1,industry_veteran,91,84,48,85,63,0.034,124,72,86,0,0,0,0,0,1,1,0,82,pass
120,9.2,senior_professional,36,69,42,65,57,0.146,107,34,23,0,0,0,0,0,1,1,0,34,fail
121,11.0,industry_veteran,83,57,56,47,66,0.169,103,46,67,0,0,0,0,0,1,0,0,50,fail
122,5.3,mid_level_expert,59,42,25,67,34,0.159,47,52,52,0,1,0,0,0,1,1,0,42,fail
123,2.2,junior_professional,73,100,100,95,69,0.01,127,75,96,1,0,0,0,0,1,1,0,85,fail
124,4.7,mid_level_expert,12,19,11,37,45,0.148,69,35,37,0,0,0,0,0,1,1,0,20,fail
125,11.7,industry_veteran,66,24,72,72,54,0.156,89,35,63,0,1,0,0,0,1,1,0,43,fail
126,4.1,mid_level_expert,83,95,100,86,85,0.083,67,71,74,0,0,0,0,0,1,0,0,88,fail
127,0.7,fresher,36,50,4,12,39,0.01,120,42,25,0,0,1,0,0,1,1,0,25,fail
128,3.5,mid_level_expert,55,39,53,76,69,0.115,91,60,50,0,0,0,0,0,1,1,0,52,fail
129,5.3,mid_level_expert,59,59,37,53,68,0.161,73,45,62,0,0,0,0,0,1,1,0,49,fail
130,2.9,junior_professional,88,88,71,66,69,0.038,67,89,63,0,0,0,0,0,1,1,0,68,fail
131,0.7,fresher,67,78,100,87,70,0.01,89,86,100,0,0,0,0,0,1,1,0,84,pass
132,6.9,senior_professional,76,91,90,92,95,0.06,55,100,96,0,0,0,0,0,1,1,0,85,pass
133,1.9,junior_professional,92,80,90,83,78,0.129,75,99,95,0,0,0,0,0,1,1,0,84,pass
134,2.4,junior_professional,56,82,64,83,67,0.181,53,72,73,0,0,0,0,0,1,1,0,47,fail
135,9.3,senior_professional,46,77,73,62,73,0.206,69,51,100,0,0,0,0,0,1,1,0,58,fail
136,3.9,mid_level_expert,69,60,50,70,57,0.152,44,59,48,0,1,0,0,0,1,1,0,49,fail
137,13.0,industry_veteran,53,51,48,80,56,0.137,35,30,52,0,0,0,0,0,1,1,0,35,fail
138,0.2,fresher,64,90,93,74,96,0.144,103,87,100,0,0,0,0,0,1,1,0,72,pass
139,14.1,industry_veteran,82,44,92,51,58,0.286,106,52,54,0,0,0,0,0,1,1,0,48,fail
140,11.4,industry_veteran,88,73,89,72,79,0.228,102,83,66,0,0,0,0,0,1,1,0,72,pass
141,11.8,industry_veteran,61,55,66,53,88,0.192,122,70,63,0,0,0,0,0,1,1,0,47,fail
142,8.1,senior_professional,55,70,73,81,52,0.031,78,66,28,0,0,0,1,0,1,1,0,62,fail
143,4.9,mid_level_expert,100,81,91,99,100,0.077,40,100,98,0,0,0,0,0,1,1,0,77,pass
144,5.0,mid_level_expert,68,93,84,71,70,0.147,61,58,61,0,0,0,0,0,1,1,0,66,fail
145,6.3,senior_professional,100,99,94,78,74,0.01,79,76,90,0,0,0,0,0,1,1,0,88,pass
146,0.1,fresher,45,34,20,20,35,0.111,31,29,22,0,0,0,0,0,1,1,1,27,fail
147,9.2,senior_professional,90,100,100,81,79,0.033,44,100,97,0,0,0,0,0,1,1,0,95,pass
148,5.8,mid_level_expert,60,84,52,72,37,0.22,118,72,69,0,1,0,0,0,1,1,0,61,fail
149,0.7,fresher,61,48,54,45,51,0.129,115,68,62,0,0,0,0,0,1,1,0,43,fail
150,9.7,senior_professional,47,74,77,63,65,0.016,30,90,88,0,0,0,0,0,1,1,0,63,fail
151,14.8,industry_veteran,81,58,57,77,74,0.173,42,72,57,0,0,0,0,0,1,1,0,69,fail
152,12.7,industry_veteran,80,75,97,100,100,0.039,62,76,76,0,0,0,1,0,1,1,0,79,fail
153,5.3,mid_level_expert,50,58,75,72,41,0.092,73,84,49,0,0,0,0,0,1,1,0,44,fail
154,0.3,fresher,67,65,65,50,78,0.114,113,80,100,0,0,0,0,0,1,1,0,59,fail
155,7.6,senior_professional,51,67,74,65,69,0.046,128,91,63,0,0,0,0,0,1,1,0,66,fail
156,3.1,mid_level_expert,90,64,92,77,92,0.144,81,100,84,0,0,0,0,0,1,1,0,66,fail
157,3.9,mid_level_expert,41,89,67,73,77,0.174,39,56,74,0,0,0,0,0,1,1,0,45,fail
158,5.0,mid_level_expert,100,100,71,94,86,0.27,111,100,69,0,0,0,0,0,1,1,0,75,pass
159,2.7,junior_professional,72,80,59,63,55,0.133,82,51,66,0,0,0,0,0,1,1,0,56,fail
160,9.4,senior_professional,46,60,42,53,64,0.139,47,56,38,0,1,0,0,0,1,1,0,46,fail
161,0.1,fresher,77,53,55,58,54,0.193,83,68,71,0,0,0,0,0,1,1,0,53,fail
162,14.8,industry_veteran,51,80,73,75,54,0.114,52,69,54,0,0,0,0,0,1,1,0,54,fail
163,1.7,junior_professional,84,71,100,91,92,0.063,33,82,68,0,0,0,0,0,1,1,0,74,pass
164,9.3,senior_professional,74,65,60,55,71,0.148,28,60,88,0,0,0,0,0,1,1,0,63,fail
165,1.5,junior_professional,84,90,75,76,87,0.065,99,94,60,0,0,0,0,0,1,1,0,89,pass
166,6.9,senior_professional,76,89,60,67,82,0.077,56,77,68,0,1,0,0,0,1,1,0,77,fail
167,4.5,mid_level_expert,86,31,71,48,47,0.138,78,54,34,0,0,0,1,0,1,1,0,39,fail
168,3.5,mid_level_expert,68,90,52,62,59,0.186,124,73,67,0,0,0,0,0,1,1,0,55,fail
169,4.2,mid_level_expert,68,18,71,50,57,0.194,122,71,40,0,0,0,0,0,1,1,1,42,fail
170,2.4,junior_professional,71,39,25,53,58,0.059,41,58,34,0,0,0,0,0,1,1,0,44,fail
171,13.1,industry_veteran,82,80,96,73,50,0.104,58,89,77,0,0,0,0,1,1,1,0,78,fail
172,13.1,industry_veteran,98,80,97,90,72,0.055,128,77,89,0,0,0,0,0,1,1,0,89,pass
173,2.2,junior_professional,77,80,95,82,76,0.106,85,74,73,0,0,0,0,0,1,0,0,82,fail
174,10.7,industry_veteran,54,54,81,59,66,0.15,129,56,39,0,1,0,0,0,1,1,0,57,fail
175,0.5,fresher,42,23,44,37,9,0.199,113,42,50,0,0,0,0,0,1,1,0,39,fail
176,4.4,mid_level_expert,91,94,64,100,98,0.119,66,77,91,0,0,0,0,0,1,1,0,90,pass
177,5.3,mid_level_expert,59,51,54,74,36,0.154,73,25,73,0,0,0,0,0,1,1,0,46,fail
178,7.5,senior_professional,53,49,62,78,63,0.064,110,82,58,0,0,0,0,0,1,1,0,59,fail
179,0.1,fresher,20,21,16,18,30,0.109,105,31,28,1,0,0,0,0,1,1,0,15,fail
180,4.5,mid_level_expert,100,80,100,100,96,0.159,61,100,69,0,0,0,0,0,1,1,0,95,pass
181,10.2,industry_veteran,75,33,71,83,80,0.23,91,43,74,0,0,0,0,0,1,1,0,52,fail
182,0.6,fresher,31,62,66,53,36,0.16,122,63,41,0,1,1,0,0,1,1,1,51,fail
183,4.0,mid_level_expert,37,72,57,61,67,0.051,39,51,44,0,0,0,0,0,1,1,0,58,fail
184,5.4,mid_level_expert,39,52,38,33,53,0.155,92,48,41,0,0,0,0,0,1,1,0,28,fail
185,4.1,mid_level_expert,100,100,100,88,90,0.19,97,100,100,0,0,0,0,0,1,1,0,81,pass
186,2.1,junior_professional,55,69,73,69,63,0.079,41,83,66,0,0,0,0,0,1,1,0,52,fail
187,9.6,senior_professional,74,100,57,70,100,0.184,31,65,77,0,0,0,0,0,1,1,0,61,fail
188,6.6,senior_professional,64,62,47,90,61,0.186,103,58,62,0,1,0,0,0,1,1,0,53,fail
189,10.0,industry_veteran,70,86,92,84,78,0.17,70,93,78,0,0,0,0,0,1,1,0,65,fail
190,13.6,industry_veteran,68,67,75,81,61,0.017,32,80,86,0,0,0,0,0,1,1,0,65,fail
191,13.1,industry_veteran,61,39,49,69,77,0.115,110,59,51,1,0,0,0,0,1,1,0,55,fail
192,8.2,senior_professional,78,47,75,58,51,0.155,129,60,76,0,0,1,0,0,1,1,0,58,fail
193,6.9,senior_professional,100,100,96,100,89,0.125,28,100,100,0,0,0,0,0,1,1,0,95,pass
194,3.5,mid_level_expert,81,90,43,88,100,0.154,67,67,64,0,0,0,1,0,1,1,0,61,fail
195,0.1,fresher,59,70,57,82,58,0.223,76,72,72,0,0,0,0,0,1,1,0,61,fail
196,0.1,fresher,77,68,96,79,80,0.058,87,71,93,0,0,0,0,0,1,1,0,73,pass
197,5.7,mid_level_expert,89,91,98,89,79,0.082,96,67,90,0,0,0,0,0,1,1,0,76,pass
198,9.5,senior_professional,82,92,96,65,76,0.049,100,92,100,0,0,0,0,0,1,1,0,91,pass
199,6.6,senior_professional,62,96,77,100,75,0.013,121,77,79,0,0,0,0,0,1,1,0,62,fail
200,8.2,senior_professional,55,61,56,36,54,0.197,36,36,54,0,0,0,0,0,1,1,0,45,fail
201,11.6,industry_veteran,99,77,76,83,61,0.076,70,74,74,0,0,0,0,0,1,1,0,78,pass
202,2.4,junior_professional,46,52,83,46,75,0.218,51,62,69,0,0,0,0,0,1,1,0,46,fail
203,2.8,junior_professional,99,91,89,90,99,0.094,70,81,74,0,0,0,0,0,1,1,0,85,pass
204,3.2,mid_level_expert,33,58,41,69,35,0.097,58,81,53,1,0,0,0,0,1,1,0,41,fail
205,2.7,junior_professional,71,75,60,49,48,0.196,32,67,77,1,0,0,0,0,1,1,0,57,fail
206,1.6,junior_professional,100,100,100,100,77,0.123,97,99,94,0,0,0,0,0,1,1,1,97,fail
207,4.6,mid_level_expert,51,45,31,46,49,0.188,118,50,50,0,0,0,0,0,1,1,0,43,fail
208,1.7,junior_professional,50,40,56,81,55,0.17,75,47,58,0,0,0,0,0,1,1,0,47,fail
209,5.8,mid_level_expert,86,72,86,73,87,0.179,76,82,80,0,0,0,0,0,1,1,0,86,pass
210,6.1,senior_professional,92,65,80,76,100,0.052,97,92,100,0,0,0,0,0,1,1,0,87,pass
211,4.9,mid_level_expert,50,49,64,90,56,0.182,64,69,86,0,0,0,0,0,1,1,0,66,fail
212,0.3,fresher,95,89,79,93,80,0.092,129,73,100,0,0,0,0,0,1,1,0,99,pass
213,0.8,fresher,48,54,49,55,71,0.207,69,67,72,1,0,0,0,0,1,1,0,53,fail
214,13.1,industry_veteran,46,53,62,100,70,0.11,83,62,70,0,0,0,0,0,1,1,0,54,fail
215,7.8,senior_professional,80,66,56,68,62,0.07,38,50,58,0,0,0,0,0,1,1,0,52,fail
216,4.2,mid_level_expert,65,93,100,66,100,0.103,48,67,91,0,0,0,0,0,1,1,0,78,pass
217,10.7,industry_veteran,30,23,35,55,72,0.103,123,34,45,0,0,0,0,0,1,1,0,30,fail
218,11.3,industry_veteran,33,79,60,74,57,0.147,123,62,76,0,0,0,0,0,1,1,0,51,fail
219,2.6,junior_professional,44,48,41,49,71,0.16,60,77,38,0,1,0,0,0,1,1,0,38,fail
220,2.4,junior_professional,91,73,71,65,51,0.109,47,80,76,0,0,0,0,0,0,1,0,65,fail
221,2.0,junior_professional,84,97,100,75,78,0.134,122,70,89,0,0,0,0,0,1,1,0,76,pass
222,0.2,fresher,55,60,97,82,74,0.095,117,68,64,0,0,0,0,0,1,1,0,53,fail
223,9.3,senior_professional,39,35,39,49,47,0.131,97,40,54,0,0,0,0,0,1,1,0,35,fail
224,5.4,mid_level_expert,38,58,41,71,46,0.181,97,47,57,0,0,0,0,0,1,1,0,45,fail
225,6.7,senior_professional,100,100,91,88,90,0.049,83,100,72,0,1,0,0,0,1,1,0,87,fail
226,6.5,senior_professional,70,77,100,81,87,0.137,75,62,67,0,0,0,0,0,1,0,0,80,fail
227,4.8,mid_level_expert,100,94,100,70,100,0.01,113,85,100,1,0,0,0,0,1,1,0,86,fail
228,13.6,industry_veteran,72,63,67,86,72,0.103,118,61,86,0,0,0,0,0,1,1,0,66,fail
229,4.9,mid_level_expert,33,12,33,36,37,0.184,53,35,47,0,0,0,0,0,1,1,0,29,fail
230,13.0,industry_veteran,83,60,72,93,51,0.105,56,88,58,0,0,0,0,0,1,1,0,69,fail
231,2.5,junior_professional,100,100,94,81,100,0.134,69,96,100,0,0,0,0,0,1,1,0,87,pass
232,9.1,senior_professional,76,72,95,69,61,0.11,100,81,57,0,0,0,0,0,1,1,0,66,fail
233,3.9,mid_level_expert,60,93,79,77,69,0.169,94,53,65,1,0,0,0,0,1,1,0,63,fail
234,5.9,mid_level_expert,36,29,38,31,43,0.074,50,10,53,0,0,0,0,0,1,1,0,22,fail
235,2.0,junior_professional,36,37,59,36,29,0.261,111,32,52,0,0,0,0,0,1,1,0,26,fail
236,10.9,industry_veteran,59,50,50,77,39,0.2,36,23,55,0,0,0,0,0,1,1,0,43,fail
237,0.2,fresher,44,47,39,47,44,0.061,25,14,39,0,0,1,0,0,1,1,0,36,fail
238,4.1,mid_level_expert,66,87,77,82,71,0.045,55,86,51,0,0,0,0,0,1,1,0,78,pass
239,6.9,senior_professional,92,70,100,100,100,0.153,53,99,100,0,0,0,0,0,1,1,0,92,pass
240,14.0,industry_veteran,98,89,82,76,94,0.121,66,95,83,0,0,0,0,0,1,1,0,79,pass
241,7.2,senior_professional,99,75,72,87,97,0.01,88,73,100,0,0,0,0,0,1,1,0,81,pass
242,0.9,fresher,50,36,75,71,52,0.072,75,64,76,0,0,0,0,0,1,1,0,49,fail
243,5.0,mid_level_expert,72,70,69,73,68,0.058,67,65,72,0,0,0,0,0,1,1,0,58,fail
244,8.9,senior_professional,100,100,98,100,89,0.082,81,100,100,0,0,0,0,0,1,1,0,88,pass
245,0.7,fresher,77,74,65,81,85,0.013,109,63,100,0,0,0,0,0,1,1,0,67,fail
246,9.1,senior_professional,73,99,62,60,77,0.136,60,66,79,0,1,0,0,0,1,1,0,61,fail
247,1.2,junior_professional,100,43,100,96,72,0.14,75,100,63,0,0,0,0,0,1,1,1,59,fail
248,0.0,fresher,38,39,44,57,44,0.142,117,30,61,0,0,0,0,0,1,1,0,38,fail
249,14.6,industry_veteran,75,85,71,87,62,0.158,110,64,92,0,0,0,0,0,0,1,0,71,fail
250,1.0,junior_professional,69,69,100,100,81,0.035,46,100,88,0,0,0,0,0,1,1,0,75,pass
251,10.9,industry_veteran,68,69,86,60,51,0.261,130,76,61,0,0,0,0,0,1,1,0,62,fail
252,2.7,junior_professional,47,70,65,65,53,0.206,38,60,25,0,0,0,0,0,1,1,0,20,fail
253,4.8,mid_level_expert,70,55,69,78,61,0.194,129,43,79,0,0,0,0,0,1,1,0,52,fail
254,9.2,senior_professional,85,91,45,69,55,0.101,69,62,96,0,0,0,0,0,1,1,0,74,pass
255,1.5,junior_professional,50,35,60,69,55,0.175,44,57,33,0,0,0,0,0,1,1,0,49,fail
256,9.6,senior_professional,77,48,94,63,76,0.01,112,82,86,0,0,1,0,0,1,1,0,71,fail
257,1.5,junior_professional,99,100,100,100,100,0.166,56,97,100,0,0,0,0,0,1,1,0,79,pass
258,5.0,mid_level_expert,91,70,66,93,66,0.01,91,83,71,0,0,0,0,0,1,1,0,79,pass
259,0.9,fresher,27,0,15,6,35,0.189,27,42,37,0,0,0,0,0,1,0,0,9,fail
260,3.2,mid_level_expert,68,60,63,75,76,0.131,108,56,41,0,0,0,0,0,1,1,0,54,fail
261,1.6,junior_professional,92,98,61,82,75,0.064,57,100,85,0,0,0,0,0,1,0,0,85,fail
262,13.0,industry_veteran,56,64,90,89,59,0.044,54,62,56,0,0,0,0,0,1,1,0,69,fail
263,15.0,industry_veteran,100,80,74,85,86,0.141,95,72,79,0,0,0,0,0,1,1,0,77,pass
264,9.5,senior_professional,100,98,78,90,97,0.03,87,80,76,0,0,0,0,0,1,1,0,90,pass
265,10.5,industry_veteran,68,88,61,47,71,0.021,101,93,74,0,1,0,0,0,1,1,0,57,fail
266,5.0,mid_level_expert,77,50,82,71,50,0.068,119,74,47,0,0,0,0,0,1,1,0,55,fail
267,0.5,fresher,89,93,72,59,58,0.103,111,65,60,0,0,0,0,0,1,1,0,84,pass
268,14.7,industry_veteran,93,67,72,79,87,0.167,85,100,75,0,0,0,0,0,1,1,0,87,pass
269,3.7,mid_level_expert,50,50,50,58,50,0.113,128,65,33,0,0,0,1,0,1,1,0,46,fail
270,2.2,junior_professional,90,100,60,73,48,0.064,44,64,53,0,0,0,0,0,1,1,0,70,pass
271,1.2,junior_professional,86,76,86,84,66,0.172,59,59,88,0,0,0,0,0,1,1,0,87,pass
272,10.4,industry_veteran,77,83,71,71,66,0.114,123,63,73,0,0,0,0,0,1,1,0,66,fail
273,2.8,junior_professional,49,72,52,69,72,0.129,115,73,77,0,1,0,1,0,1,1,0,58,fail
274,8.6,senior_professional,72,53,86,85,92,0.085,68,78,56,0,0,0,0,1,1,1,0,71,fail
275,0.8,fresher,84,75,54,68,83,0.092,125,57,72,0,0,0,0,0,1,1,0,74,fail
276,8.0,senior_professional,86,90,81,70,69,0.055,36,66,86,0,0,0,0,0,1,1,0,73,pass
277,1.8,junior_professional,98,100,100,92,100,0.01,42,100,100,0,0,0,0,0,1,1,0,88,pass
278,0.7,fresher,50,82,81,59,55,0.092,56,64,65,0,0,0,0,0,1,1,0,57,fail
279,1.8,junior_professional,70,100,66,72,96,0.093,55,76,84,0,0,0,0,0,1,1,0,77,pass
280,6.8,senior_professional,43,70,46,64,50,0.142,58,72,61,0,0,0,0,0,1,1,0,52,fail
281,0.7,fresher,94,94,80,91,100,0.085,30,84,89,0,0,0,1,0,1,1,0,83,fail
282,7.3,senior_professional,85,73,85,96,96,0.033,35,76,88,0,0,0,0,0,1,1,0,74,pass
283,0.6,fresher,54,70,59,56,66,0.062,41,50,89,0,0,0,0,0,1,1,0,64,fail
284,9.8,senior_professional,63,54,86,74,94,0.19,42,64,63,0,0,0,0,0,1,1,0,64,fail
285,2.9,junior_professional,51,92,45,36,36,0.131,93,45,70,0,0,0,0,0,1,1,0,61,fail
286,3.0,mid_level_expert,84,92,83,85,88,0.107,107,71,70,0,0,0,0,0,1,1,0,89,pass
287,11.0,industry_veteran,76,72,94,100,99,0.01,122,84,99,0,0,0,0,0,1,1,0,85,pass
288,0.9,fresher,76,80,87,86,74,0.01,79,93,92,0,0,0,0,0,1,1,0,77,pass
289,3.9,mid_level_expert,60,59,83,73,73,0.124,117,67,80,0,0,0,0,0,1,1,0,75,pass
290,0.8,fresher,61,45,57,77,54,0.113,60,46,53,0,0,0,0,0,1,1,0,41,fail
291,6.4,senior_professional,60,55,68,54,64,0.113,35,51,41,0,0,0,0,0,1,1,0,39,fail
292,11.5,industry_veteran,100,87,74,83,53,0.095,96,100,100,0,0,0,0,0,1,1,0,84,pass
293,2.4,junior_professional,75,77,69,94,100,0.139,113,88,97,0,0,0,0,0,1,1,0,61,fail
294,5.8,mid_level_expert,100,92,84,91,90,0.067,27,80,97,0,0,0,0,0,1,1,0,89,pass
295,13.2,industry_veteran,98,45,86,92,58,0.11,99,83,69,0,0,0,0,0,1,1,0,69,fail
296,0.1,fresher,61,88,68,80,91,0.065,115,63,74,0,0,0,0,0,1,1,0,65,pass
297,13.4,industry_veteran,100,92,90,95,91,0.017,57,64,100,0,0,0,0,0,1,1,0,100,pass
298,13.3,industry_veteran,100,99,92,100,100,0.057,39,96,89,0,0,0,0,0,1,0,0,91,fail
299,15.0,industry_veteran,43,65,47,71,69,0.172,65,55,64,0,0,0,0,0,1,1,0,36,fail
300,7.7,senior_professional,100,75,88,90,46,0.093,106,70,90,0,0,0,0,0,1,1,0,82,pass
301,6.6,senior_professional,73,87,73,91,59,0.109,104,70,63,0,0,0,0,0,1,1,0,66,fail
302,6.7,senior_professional,80,74,77,87,57,0.01,92,56,84,0,0,0,0,0,1,1,0,71,pass
303,1.9,junior_professional,30,42,25,57,46,0.216,75,17,31,0,0,0,0,0,1,1,0,19,fail
304,7.6,senior_professional,51,70,44,68,39,0.162,124,17,69,0,0,0,0,0,1,1,0,48,fail
305,7.2,senior_professional,57,59,89,78,71,0.126,63,75,94,0,0,0,0,0,1,1,0,58,fail
306,5.5,mid_level_expert,69,96,75,77,100,0.028,98,99,94,0,0,1,1,0,1,1,0,92,fail
307,9.6,senior_professional,100,92,89,100,90,0.037,102,100,91,0,0,0,0,1,1,1,0,100,fail
308,0.8,fresher,42,60,60,53,38,0.139,74,50,34,0,0,0,0,0,1,1,0,46,fail
309,3.2,mid_level_expert,77,39,49,50,57,0.055,90,35,40,1,0,0,0,0,1,1,0,40,fail
310,0.8,fresher,63,94,77,76,90,0.066,79,77,79,0,0,0,0,0,1,1,0,67,fail
311,0.5,fresher,69,79,83,94,86,0.11,88,83,74,0,0,1,0,0,1,1,0,67,fail
312,1.3,junior_professional,89,59,89,96,92,0.026,109,82,97,0,0,0,0,0,1,1,1,79,fail
313,6.1,senior_professional,62,78,37,55,88,0.105,28,36,76,0,1,0,0,0,1,1,1,57,fail
314,6.6,senior_professional,76,60,77,54,52,0.17,70,66,51,0,0,0,0,0,1,1,0,64,fail
315,7.1,senior_professional,68,35,51,62,53,0.114,77,57,60,0,0,0,0,0,1,1,0,47,fail
316,8.0,senior_professional,48,58,43,69,62,0.128,64,54,90,0,0,0,0,0,1,1,1,51,fail
317,10.5,industry_veteran,42,46,56,50,51,0.073,35,61,44,0,0,0,0,0,1,1,0,32,fail
318,3.1,mid_level_expert,100,100,100,96,81,0.033,130,95,97,0,0,0,0,0,1,1,0,82,pass
319,2.2,junior_professional,33,66,40,64,52,0.128,117,64,62,0,0,0,0,0,1,1,0,44,fail
320,0.3,fresher,74,68,89,74,74,0.059,71,59,79,1,0,0,0,0,1,1,0,65,fail
321,2.1,junior_professional,51,61,35,74,62,0.162,111,57,41,0,0,0,0,0,1,1,0,40,fail
322,11.6,industry_veteran,57,45,60,43,52,0.149,33,44,32,0,0,0,0,0,1,1,0,36,fail
323,13.3,industry_veteran,100,89,90,98,76,0.027,76,100,76,0,0,0,0,0,1,1,0,86,pass
324,7.7,senior_professional,58,97,73,41,79,0.022,29,83,70,0,0,0,0,0,1,1,0,67,fail
325,11.0,industry_veteran,69,64,61,81,88,0.121,94,82,52,0,0,0,0,0,1,1,0,66,fail
326,0.9,fresher,97,65,77,87,71,0.048,109,84,77,0,0,0,0,0,1,1,0,71,pass
327,9.4,senior_professional,42,12,9,32,25,0.099,116,9,18,1,0,0,0,0,1,1,0,14,fail
328,6.8,senior_professional,83,43,35,75,59,0.2,124,56,36,0,0,0,0,0,1,1,0,54,fail
329,8.9,senior_professional,64,40,62,86,65,0.132,86,58,59,1,0,0,0,0,1,1,0,46,fail
330,0.3,fresher,83,100,100,78,100,0.112,51,93,93,0,0,0,0,0,1,1,0,77,pass
331,3.2,mid_level_expert,32,49,21,28,42,0.102,121,28,49,0,0,0,0,0,1,1,0,32,fail
332,4.4,mid_level_expert,100,92,95,93,98,0.127,99,86,95,0,0,0,0,0,0,1,0,78,fail
333,9.8,senior_professional,45,59,23,78,66,0.141,125,34,23,0,0,0,0,0,1,1,0,31,fail
334,2.7,junior_professional,74,66,62,57,81,0.2,90,70,69,0,0,0,1,0,1,1,0,51,fail
335,1.2,junior_professional,84,62,70,67,41,0.092,55,77,40,0,0,1,0,0,1,1,0,58,fail
336,3.5,mid_level_expert,39,52,69,65,63,0.124,43,55,67,0,0,0,1,0,1,1,0,35,fail
337,8.5,senior_professional,46,33,61,47,82,0.169,37,60,47,0,0,0,0,0,1,1,0,26,fail
338,2.4,junior_professional,93,69,81,74,71,0.089,103,77,80,0,0,0,0,0,1,1,0,73,pass
339,3.1,mid_level_expert,31,84,57,62,49,0.154,119,43,56,0,1,0,0,0,0,1,0,53,fail
340,11.9,industry_veteran,93,83,39,62,69,0.033,109,59,64,0,0,0,0,0,1,1,0,75,pass
341,7.6,senior_professional,19,24,31,47,24,0.134,105,32,61,0,0,0,0,0,1,1,0,26,fail
342,0.2,fresher,43,59,58,53,59,0.12,130,37,66,0,0,0,0,0,1,1,0,43,fail
343,7.2,senior_professional,60,54,43,38,65,0.06,26,32,57,0,0,0,0,0,1,1,0,54,fail
344,2.0,junior_professional,59,20,52,53,54,0.129,112,50,32,0,0,0,0,0,1,1,0,50,fail
345,10.1,industry_veteran,68,87,99,74,65,0.026,65,68,89,0,0,0,0,0,1,1,0,73,pass
346,3.2,mid_level_expert,67,48,37,53,47,0.16,91,54,71,0,0,0,0,0,1,1,0,61,fail
347,3.8,mid_level_expert,97,80,100,92,76,0.051,59,100,80,0,0,0,0,1,1,1,0,81,fail
348,0.3,fresher,94,100,54,100,84,0.101,29,87,100,0,0,0,0,0,1,1,0,85,pass
349,4.9,mid_level_expert,94,100,100,68,100,0.056,101,100,100,0,0,0,0,0,1,1,0,81,pass
350,2.8,junior_professional,100,66,99,86,100,0.09,114,74,56,0,0,0,0,0,1,1,0,67,fail
351,9.6,senior_professional,100,72,74,76,54,0.237,120,62,65,0,0,0,0,1,1,1,0,57,fail
352,12.1,industry_veteran,76,82,77,72,51,0.09,125,64,100,0,0,0,0,0,1,1,0,75,pass
353,14.2,industry_veteran,27,34,58,57,48,0.159,100,38,43,0,0,0,0,0,1,1,0,30,fail
354,2.3,junior_professional,85,100,72,100,87,0.046,60,74,83,0,0,0,0,0,1,1,0,77,pass
355,2.3,junior_professional,65,65,69,76,84,0.09,68,71,78,0,0,0,1,0,1,1,0,67,fail
356,9.2,senior_professional,54,45,41,59,70,0.127,82,51,44,0,0,0,0,0,1,1,0,39,fail
357,2.4,junior_professional,58,49,64,73,53,0.071,125,57,54,0,0,0,0,0,1,1,0,45,fail
358,6.1,senior_professional,48,33,48,45,38,0.116,48,55,41,0,0,0,0,0,1,1,0,46,fail
359,2.1,junior_professional,36,70,44,39,42,0.18,29,50,67,0,0,0,0,0,1,1,1,40,fail
360,10.4,industry_veteran,85,43,71,74,72,0.132,84,48,53,0,0,0,0,0,1,1,0,66,fail
361,10.8,industry_veteran,100,77,67,98,100,0.233,66,99,75,0,0,0,0,0,1,1,0,80,pass
362,1.3,junior_professional,33,70,32,40,54,0.142,32,44,45,0,1,0,0,0,1,1,0,45,fail
363,11.3,industry_veteran,46,82,74,72,68,0.155,91,47,67,0,0,0,0,0,1,1,0,60,fail
364,0.8,fresher,65,50,79,87,81,0.223,39,56,56,0,0,0,0,0,1,1,0,45,fail
365,0.7,fresher,98,68,87,100,91,0.049,28,98,74,0,0,0,0,0,1,1,0,85,pass
366,6.9,senior_professional,89,83,93,63,74,0.122,129,100,98,0,0,0,0,0,1,1,0,77,pass
367,0.9,fresher,64,56,29,65,39,0.22,93,59,27,0,0,0,0,0,1,1,0,39,fail
368,1.9,junior_professional,82,89,93,100,100,0.029,43,99,68,1,0,0,0,0,1,1,0,100,fail
369,0.9,fresher,100,100,94,89,92,0.186,83,100,92,0,0,0,1,0,1,1,0,81,fail
370,0.0,fresher,33,58,60,51,39,0.183,54,25,64,0,0,0,0,0,1,1,0,33,fail
371,7.3,senior_professional,91,87,100,81,82,0.093,27,81,94,0,0,0,0,0,1,1,0,83,pass
372,3.3,mid_level_expert,79,100,85,100,100,0.083,25,81,96,0,0,0,0,0,1,1,0,96,pass
373,4.7,mid_level_expert,46,53,53,51,59,0.151,29,51,56,0,0,0,0,0,1,1,0,39,fail
374,14.5,industry_veteran,70,81,82,92,98,0.08,59,68,76,0,0,0,0,0,1,1,0,64,fail
375,12.8,industry_veteran,100,100,83,97,92,0.033,92,80,97,0,0,0,0,0,1,1,0,91,pass
376,1.8,junior_professional,56,57,58,74,42,0.133,26,43,61,1,0,0,0,0,1,1,0,56,fail
377,0.3,fresher,78,95,69,55,74,0.173,51,69,77,0,0,0,0,0,1,1,0,63,fail
378,0.2,fresher,64,77,45,83,73,0.09,35,89,51,0,0,0,0,0,1,1,0,72,pass
379,0.3,fresher,64,68,60,38,57,0.134,65,60,40,0,0,0,0,0,1,1,0,31,fail
380,3.3,mid_level_expert,78,77,100,78,79,0.126,57,82,74,0,0,0,0,0,1,1,0,58,fail
381,1.6,junior_professional,69,53,71,23,21,0.112,61,49,60,0,0,0,1,0,1,1,0,53,fail
382,5.6,mid_level_expert,72,67,60,63,51,0.101,42,58,44,1,0,0,0,1,1,1,0,60,fail
383,1.5,junior_professional,53,50,66,67,57,0.188,114,58,65,0,0,0,0,0,1,1,0,48,fail
384,3.4,mid_level_expert,50,64,61,57,73,0.09,94,73,77,0,0,0,0,0,1,1,0,56,fail
385,4.9,mid_level_expert,58,62,60,61,56,0.131,83,71,46,0,0,0,1,0,1,1,0,59,fail
386,2.0,junior_professional,86,87,100,83,100,0.029,107,91,100,0,0,0,1,0,1,1,0,94,fail
387,2.6,junior_professional,53,80,54,95,69,0.068,50,94,59,1,0,0,0,0,1,1,0,71,fail
388,0.9,fresher,62,73,89,73,89,0.138,26,84,61,0,0,0,0,0,1,1,0,55,fail
389,2.4,junior_professional,69,60,52,48,62,0.202,42,48,75,0,0,0,0,0,1,1,0,62,fail
390,14.6,industry_veteran,67,58,59,62,66,0.141,38,68,80,0,0,0,0,0,1,1,0,47,fail
391,8.5,senior_professional,77,100,61,95,78,0.168,68,72,88,0,0,0,0,0,1,1,0,74,pass
392,0.0,fresher,63,50,66,54,63,0.209,113,66,34,0,0,0,0,0,1,1,0,38,fail
393,3.0,mid_level_expert,95,100,100,91,65,0.108,124,100,81,0,0,0,0,0,1,1,0,88,pass
394,4.7,mid_level_expert,52,77,92,70,81,0.105,111,99,97,0,0,0,0,0,1,1,0,71,pass
395,14.5,industry_veteran,56,63,90,100,67,0.102,47,83,91,1,0,0,0,0,1,1,0,63,fail
396,2.0,junior_professional,73,100,83,90,86,0.074,93,72,83,0,0,0,0,0,1,1,0,74,pass
397,6.5,senior_professional,73,56,52,77,61,0.188,37,64,41,0,0,0,0,0,1,1,0,56,fail
398,0.9,fresher,93,88,62,89,75,0.173,105,71,90,0,1,0,0,0,1,1,0,84,fail
399,7.0,senior_professional,63,54,51,46,51,0.099,73,65,80,0,0,0,0,0,1,1,0,39,fail
400,3.9,mid_level_expert,59,79,96,86,84,0.074,76,57,55,0,0,0,0,0,1,1,0,61,fail
401,5.6,mid_level_expert,99,100,91,86,73,0.017,115,85,89,0,0,0,0,0,1,1,0,95,pass
402,13.7,industry_veteran,83,100,89,96,80,0.083,129,85,98,0,0,0,0,0,1,1,0,75,pass
403,0.7,fresher,77,81,95,92,75,0.064,89,69,72,0,0,0,0,0,1,1,0,78,pass
404,8.3,senior_professional,99,100,79,81,79,0.088,96,61,68,0,0,0,0,0,1,1,0,83,pass
405,4.0,mid_level_expert,63,46,50,56,52,0.083,95,65,38,0,0,0,0,0,1,1,1,46,fail
406,3.2,mid_level_expert,60,54,58,79,87,0.095,70,87,100,1,0,0,0,0,1,1,0,63,fail
407,5.2,mid_level_expert,84,85,100,93,92,0.123,65,74,93,0,0,0,0,0,1,1,0,87,pass
408,6.0,senior_professional,93,82,82,86,85,0.128,119,99,99,0,0,0,0,0,1,1,0,94,pass
409,4.4,mid_level_expert,51,82,88,83,76,0.135,120,67,83,0,0,0,0,0,1,1,0,68,fail
410,6.2,senior_professional,57,71,87,52,66,0.183,120,71,68,0,0,0,0,0,1,1,0,46,fail
411,4.7,mid_level_expert,56,79,46,82,76,0.165,71,79,63,0,0,0,0,0,1,1,0,48,fail
412,11.3,industry_veteran,62,68,55,73,53,0.077,112,71,92,0,0,0,0,0,1,1,0,60,fail
413,4.0,mid_level_expert,10,22,43,31,42,0.089,38,37,32,0,0,0,0,0,1,1,0,26,fail
414,8.2,senior_professional,100,78,84,68,80,0.048,61,94,83,0,0,0,0,0,1,1,0,91,pass
415,13.4,industry_veteran,100,89,100,100,100,0.128,120,100,100,0,0,0,0,0,1,1,1,80,fail
416,0.2,fresher,79,74,97,77,72,0.196,121,94,85,0,0,0,0,0,1,1,0,64,fail
417,2.3,junior_professional,63,85,52,89,54,0.092,29,78,44,0,1,0,0,1,1,1,0,51,fail
418,3.9,mid_level_expert,74,33,35,56,39,0.101,119,55,37,0,0,0,0,0,1,1,0,44,fail
419,0.2,fresher,37,59,67,64,63,0.129,45,31,48,0,0,0,0,0,1,1,0,53,fail
420,7.6,senior_professional,53,31,47,56,33,0.162,36,73,39,0,0,0,1,0,1,1,0,31,fail
421,1.3,junior_professional,100,93,90,100,84,0.06,58,100,90,0,0,0,0,0,1,1,0,88,pass
422,13.2,industry_veteran,63,75,83,53,92,0.01,108,88,52,0,0,0,0,0,1,1,0,73,pass
423,5.8,mid_level_expert,75,72,44,89,54,0.22,68,67,68,0,0,0,0,0,1,1,0,57,fail
424,1.9,junior_professional,54,47,32,23,49,0.147,94,31,53,1,0,0,0,0,1,1,0,37,fail
425,4.3,mid_level_expert,42,70,64,46,84,0.102,31,54,38,0,0,0,0,0,1,1,0,38,fail
426,7.7,senior_professional,85,80,76,75,82,0.099,82,63,72,0,0,0,0,0,1,1,0,70,pass
427,11.1,industry_veteran,55,9,40,54,48,0.105,112,44,57,0,0,0,0,0,1,1,0,27,fail
428,6.9,senior_professional,82,79,57,68,77,0.164,104,66,73,0,0,0,0,0,1,1,0,62,fail
429,0.0,fresher,72,53,71,67,61,0.142,130,50,67,0,0,0,0,0,1,1,0,50,fail
430,9.0,senior_professional,20,21,39,49,66,0.13,83,42,20,0,0,0,0,0,1,1,0,33,fail
431,4.1,mid_level_expert,78,100,90,98,100,0.085,104,65,100,0,0,0,1,0,1,1,0,75,fail
432,9.8,senior_professional,81,100,100,61,72,0.089,71,93,82,0,0,0,0,0,1,1,0,68,fail
433,0.6,fresher,79,72,66,77,77,0.141,94,80,78,0,0,0,0,0,1,1,0,60,fail
434,4.7,mid_level_expert,96,70,83,85,65,0.109,73,72,69,0,0,0,0,0,1,1,0,72,pass
435,14.9,industry_veteran,48,60,63,84,59,0.093,116,59,64,1,0,0,0,0,1,1,0,41,fail
436,1.7,junior_professional,44,62,65,28,57,0.16,108,22,54,0,0,0,0,0,1,1,0,28,fail
437,6.5,senior_professional,100,100,94,100,100,0.048,96,82,80,0,0,0,0,0,1,1,0,90,pass
438,4.6,mid_level_expert,77,69,72,73,70,0.01,122,67,65,0,0,0,0,0,1,1,0,67,fail
439,2.5,junior_professional,34,71,54,63,57,0.072,56,59,79,1,0,0,0,0,1,1,0,38,fail
440,1.1,junior_professional,72,64,76,82,56,0.094,107,78,57,0,0,1,0,0,1,1,0,54,fail
441,0.5,fresher,51,49,33,36,59,0.113,110,43,63,0,0,0,0,0,1,1,0,50,fail
442,0.6,fresher,46,79,62,67,47,0.124,48,68,70,0,0,0,0,0,1,1,0,39,fail
443,9.0,senior_professional,77,79,99,90,87,0.092,54,86,100,0,0,0,0,0,1,1,0,79,pass
444,13.3,industry_veteran,73,81,68,89,67,0.137,119,90,71,0,0,0,0,0,1,1,1,81,fail
445,2.2,junior_professional,74,91,84,60,75,0.099,121,80,82,1,0,0,0,0,1,1,0,73,fail
446,1.5,junior_professional,69,70,51,69,50,0.107,97,63,60,0,0,0,0,0,1,1,0,50,fail
447,1.2,junior_professional,81,73,72,64,74,0.109,41,91,94,0,0,0,0,0,1,1,0,69,fail
448,14.1,industry_veteran,83,67,71,69,87,0.177,80,85,75,0,0,0,0,0,1,1,0,69,fail
449,0.2,fresher,62,61,40,50,57,0.107,89,57,66,0,0,0,0,0,1,1,0,51,fail
450,12.5,industry_veteran,75,76,74,60,45,0.031,128,63,67,0,0,0,0,0,1,1,0,65,fail
451,8.6,senior_professional,67,61,58,67,40,0.116,27,46,61,0,0,0,0,0,1,1,0,50,fail
452,12.9,industry_veteran,78,54,77,33,44,0.037,95,57,54,0,0,0,0,0,1,1,0,57,fail
453,5.6,mid_level_expert,100,78,84,70,78,0.144,82,75,91,0,0,0,0,0,1,1,1,79,fail
454,8.7,senior_professional,30,8,5,33,41,0.065,85,45,17,0,0,0,0,0,1,1,0,26,fail
455,5.0,mid_level_expert,50,41,54,58,79,0.21,94,72,51,0,0,0,0,0,1,1,0,44,fail
456,3.6,mid_level_expert,100,100,91,100,89,0.138,38,100,95,0,0,0,0,0,1,1,0,98,pass
457,1.2,junior_professional,67,58,58,27,50,0.103,31,70,73,0,0,0,1,0,1,1,0,55,fail
458,3.7,mid_level_expert,48,60,82,62,42,0.07,70,50,70,0,0,0,1,0,1,1,0,49,fail
459,5.5,mid_level_expert,58,65,57,44,56,0.135,117,54,53,0,0,1,0,0,1,1,0,50,fail
460,3.5,mid_level_expert,57,100,72,79,67,0.053,90,80,52,0,0,0,0,0,1,1,0,67,fail
461,1.3,junior_professional,100,100,75,96,78,0.136,109,92,94,0,0,0,0,0,1,1,0,73,fail
462,9.2,senior_professional,57,74,60,65,78,0.063,116,64,100,0,0,0,0,0,1,1,0,61,fail
463,11.1,industry_veteran,76,52,79,79,68,0.162,43,75,78,0,0,1,0,0,1,1,0,79,fail
464,13.0,industry_veteran,59,57,75,51,82,0.075,61,75,79,0,0,0,0,0,1,1,0,61,fail
465,2.5,junior_professional,64,60,39,63,82,0.218,73,60,59,0,0,0,0,0,1,1,0,43,fail
466,11.1,industry_veteran,65,46,68,65,47,0.047,105,49,66,1,0,0,0,0,1,1,0,51,fail
467,13.5,industry_veteran,72,59,65,42,52,0.075,55,71,53,0,0,0,0,0,1,1,0,64,fail
468,4.5,mid_level_expert,72,50,66,55,63,0.177,70,67,53,0,0,1,0,0,0,1,0,59,fail
469,3.9,mid_level_expert,60,62,36,76,55,0.177,110,45,58,0,0,0,0,0,1,1,0,50,fail
470,2.0,junior_professional,38,63,53,62,43,0.199,67,66,56,0,0,0,0,0,1,1,0,31,fail
471,4.5,mid_level_expert,63,79,100,100,71,0.126,124,83,85,0,0,0,0,0,1,1,0,77,pass
472,14.4,industry_veteran,38,54,25,66,49,0.122,82,39,58,0,0,0,0,0,1,1,0,47,fail
473,10.3,industry_veteran,58,100,83,89,57,0.08,93,92,54,0,0,0,0,0,1,1,0,78,pass
474,4.3,mid_level_expert,72,49,81,72,60,0.132,77,47,71,0,0,0,0,0,1,1,0,58,fail
475,2.0,junior_professional,71,88,100,100,91,0.102,37,100,100,0,1,0,0,0,1,1,0,73,fail
476,14.9,industry_veteran,84,100,91,94,96,0.065,49,96,100,0,0,0,0,0,1,1,0,92,pass
477,9.8,senior_professional,81,53,79,46,63,0.01,115,81,75,0,1,0,0,0,1,1,0,59,fail
478,3.3,mid_level_expert,27,47,72,60,66,0.191,110,64,64,1,0,0,0,0,1,1,0,38,fail
479,1.5,junior_professional,95,50,98,70,68,0.046,71,74,98,0,0,0,0,0,1,1,0,71,pass
480,0.6,fresher,68,85,92,100,100,0.029,85,89,87,0,0,0,0,0,1,1,0,92,pass
481,0.5,fresher,87,81,90,80,54,0.118,112,91,100,1,0,0,1,0,1,1,0,76,fail
482,13.3,industry_veteran,75,77,77,77,75,0.095,102,93,81,0,0,0,0,0,1,1,0,76,pass
483,7.5,senior_professional,71,74,51,59,51,0.076,117,71,72,1,0,0,0,0,1,1,0,63,fail
484,8.9,senior_professional,79,57,64,72,43,0.11,43,62,78,0,0,0,0,0,1,1,0,66,pass
485,4.9,mid_level_expert,78,68,76,74,66,0.082,79,74,78,0,0,0,0,0,1,1,1,66,fail
486,0.1,fresher,66,70,47,63,38,0.168,96,61,65,0,1,0,0,0,1,1,0,53,fail
487,5.3,mid_level_expert,82,76,65,64,71,0.065,64,66,73,0,0,0,0,1,1,1,0,71,fail
488,11.2,industry_veteran,57,62,62,57,55,0.091,88,62,90,0,0,0,0,0,1,1,0,56,fail
489,10.5,industry_veteran,55,72,62,73,74,0.161,54,66,47,0,0,0,0,0,1,1,0,59,fail
490,0.8,fresher,58,48,61,67,70,0.053,42,70,74,0,0,0,0,0,1,1,0,54,fail
491,1.6,junior_professional,73,48,77,84,75,0.154,98,68,53,0,0,0,0,0,1,1,0,48,fail
492,5.1,mid_level_expert,59,60,70,68,73,0.147,43,80,60,0,0,0,0,0,1,1,0,53,fail
493,1.6,junior_professional,43,49,53,51,46,0.099,75,23,25,1,0,0,0,0,1,1,0,40,fail
494,6.5,senior_professional,38,60,60,36,42,0.097,29,68,66,0,0,0,0,0,1,1,0,38,fail
495,8.4,senior_professional,0,45,26,51,23,0.222,34,29,38,0,0,0,1,0,0,1,0,18,fail
496,2.7,junior_professional,86,87,72,85,87,0.143,128,100,80,1,0,0,0,0,1,1,0,75,fail
497,1.2,junior_professional,75,67,67,73,69,0.221,55,71,88,0,0,0,0,0,1,1,0,64,fail
498,0.0,fresher,63,74,42,82,55,0.067,91,83,97,0,0,0,0,0,1,1,0,63,fail
499,2.4,junior_professional,73,65,86,99,98,0.096,99,90,65,0,0,0,1,0,1,1,0,60,fail
500,0.5,fresher,36,43,71,66,60,0.071,105,46,51,0,1,0,0,0,1,1,0,53,fail
501,0.7,fresher,100,100,100,94,72,0.071,36,83,86,0,0,0,0,0,1,1,0,83,pass
502,5.8,mid_level_expert,93,81,100,79,100,0.115,96,89,99,0,0,0,0,0,1,1,0,84,pass
503,0.5,fresher,63,75,81,83,66,0.077,121,95,44,1,0,0,0,0,1,1,0,59,fail
504,14.3,industry_veteran,75,86,53,100,75,0.088,112,77,53,0,0,0,0,0,1,1,0,75,pass
505,4.1,mid_level_expert,91,90,88,75,71,0.142,58,100,100,0,0,0,0,0,1,1,0,74,fail
506,3.3,mid_level_expert,93,100,78,100,88,0.034,25,85,95,0,0,0,0,0,1,1,0,74,pass
507,2.8,junior_professional,77,83,93,87,100,0.113,84,93,87,0,0,0,0,0,1,1,0,86,pass
508,0.1,fresher,37,62,42,79,59,0.145,90,100,61,1,0,0,1,0,1,1,0,45,fail
509,2.1,junior_professional,90,81,79,74,100,0.028,107,92,100,1,0,0,1,0,1,1,0,93,fail
510,6.1,senior_professional,72,66,53,49,66,0.138,51,40,53,0,0,0,0,0,1,1,0,47,fail
511,14.7,industry_veteran,50,56,33,55,17,0.158,39,34,40,0,0,0,0,0,1,0,0,42,fail
512,9.3,senior_professional,85,91,81,91,88,0.12,82,77,79,0,0,0,0,0,1,1,0,89,pass
513,4.0,mid_level_expert,86,55,54,66,71,0.205,99,70,87,0,1,0,0,0,1,1,0,60,fail
514,6.9,senior_professional,45,55,63,58,43,0.15,111,41,33,0,1,0,0,0,1,1,0,45,fail
515,2.6,junior_professional,35,40,46,12,30,0.099,130,30,24,0,0,0,0,0,1,1,0,38,fail
516,2.1,junior_professional,78,58,87,86,100,0.08,124,92,82,0,0,0,0,0,1,1,0,71,pass
517,7.4,senior_professional,87,65,36,56,56,0.17,117,43,31,0,0,0,0,0,1,1,0,46,fail
518,8.7,senior_professional,86,69,62,43,84,0.095,30,72,62,0,0,0,0,0,1,1,0,76,pass
519,0.5,fresher,56,66,79,91,68,0.135,71,62,69,0,0,0,0,0,1,1,0,66,fail
520,0.2,fresher,49,70,48,82,74,0.157,87,57,90,0,0,0,0,0,1,1,0,55,fail
521,13.4,industry_veteran,73,76,71,70,92,0.084,103,70,69,0,0,0,0,0,1,1,0,77,pass
522,2.2,junior_professional,81,60,83,70,54,0.244,96,60,85,0,0,0,0,0,1,1,0,62,fail
523,4.5,mid_level_expert,42,48,39,46,41,0.133,50,49,52,0,0,0,0,0,1,1,0,36,fail
524,2.6,junior_professional,49,35,36,39,58,0.103,82,32,47,0,0,0,0,0,1,1,0,39,fail
525,5.4,mid_level_expert,98,100,85,80,80,0.132,47,100,100,0,0,0,0,0,1,1,0,76,pass
526,10.0,industry_veteran,100,83,91,100,100,0.143,49,96,87,0,0,0,1,0,1,1,0,80,fail
527,10.3,industry_veteran,70,35,55,41,41,0.205,41,46,74,0,0,0,0,0,1,1,0,50,fail
528,1.3,junior_professional,65,67,83,76,65,0.152,28,83,76,0,0,0,0,0,1,1,0,59,fail
529,0.4,fresher,57,60,71,78,46,0.12,38,41,51,0,0,0,0,0,1,1,0,59,fail
530,3.3,mid_level_expert,56,63,66,51,79,0.134,114,52,82,0,0,0,0,0,1,1,0,52,fail
531,0.8,fresher,58,77,100,82,78,0.098,95,66,82,0,0,0,0,0,1,1,0,67,fail
532,0.1,fresher,50,19,42,32,43,0.073,81,34,34,1,0,0,0,0,1,1,0,41,fail
533,3.1,mid_level_expert,67,68,98,86,50,0.168,31,93,100,0,0,0,0,0,1,1,0,72,pass
534,0.1,fresher,57,72,52,65,58,0.068,50,65,75,0,0,1,0,0,0,1,0,54,fail
535,8.9,senior_professional,75,99,100,77,83,0.066,44,69,90,0,0,0,0,0,1,1,0,74,pass
536,2.2,junior_professional,86,40,23,69,53,0.177,52,50,96,0,0,0,1,0,1,1,0,51,fail
537,8.8,senior_professional,83,98,68,89,92,0.055,69,95,90,0,0,0,0,0,1,1,0,88,pass
538,0.8,fresher,47,66,62,85,64,0.048,64,75,74,0,1,0,0,0,1,1,0,58,fail
539,13.9,industry_veteran,22,51,36,63,44,0.096,62,37,63,0,0,0,0,0,1,1,0,41,fail
540,5.0,mid_level_expert,74,62,48,85,74,0.19,102,58,71,0,0,0,0,0,1,1,0,57,fail
541,1.1,junior_professional,85,95,100,83,64,0.043,119,66,72,0,0,0,0,0,1,1,0,67,pass
542,8.5,senior_professional,100,83,69,79,53,0.116,99,90,49,0,0,0,0,0,1,1,0,60,fail
543,4.2,mid_level_expert,49,71,32,56,63,0.165,71,60,56,0,0,0,0,0,1,1,0,41,fail
544,1.4,junior_professional,91,43,80,69,72,0.099,70,73,72,0,0,0,0,0,1,1,0,64,fail
545,6.6,senior_professional,70,87,95,100,96,0.057,29,69,83,0,0,0,0,0,1,1,0,68,fail
546,0.3,fresher,71,82,100,74,68,0.151,91,75,87,0,0,0,0,0,0,1,0,69,fail
547,1.3,junior_professional,37,41,60,72,81,0.089,77,43,59,0,0,0,0,0,1,1,0,38,fail
548,0.4,fresher,66,75,67,100,73,0.202,119,91,70,0,1,0,0,0,1,1,0,65,fail
549,9.1,senior_professional,74,54,76,69,57,0.124,80,49,59,0,0,0,0,0,1,1,0,63,fail
550,2.6,junior_professional,72,50,84,94,54,0.058,54,97,95,0,0,0,0,0,1,1,0,61,fail
551,13.2,industry_veteran,87,54,63,59,72,0.141,76,89,77,0,0,0,1,0,1,1,0,61,fail
552,12.6,industry_veteran,86,69,83,79,82,0.195,95,82,80,0,0,0,0,0,1,1,0,81,pass
553,3.2,mid_level_expert,66,69,66,49,45,0.088,86,49,43,0,1,0,0,1,1,1,0,56,fail
554,5.3,mid_level_expert,56,80,64,80,80,0.031,33,74,55,0,0,0,0,0,1,1,0,67,fail
555,11.4,industry_veteran,48,63,56,57,61,0.119,52,48,62,0,0,0,0,0,1,1,0,66,fail
556,4.2,mid_level_expert,50,62,62,53,76,0.175,72,61,33,0,0,0,0,0,1,1,0,42,fail
557,6.5,senior_professional,84,94,80,84,100,0.035,75,60,68,0,0,0,0,0,1,1,1,91,fail
558,8.9,senior_professional,73,85,75,92,81,0.112,101,85,100,0,0,0,0,0,1,1,0,68,fail
559,0.5,fresher,85,100,89,86,63,0.106,90,90,93,0,0,0,0,0,1,1,0,81,pass
560,0.2,fresher,100,98,100,91,85,0.087,72,94,85,0,0,0,0,0,1,1,0,92,pass
561,3.3,mid_level_expert,74,84,83,96,73,0.11,97,57,77,0,0,0,0,0,1,1,0,77,pass
562,4.6,mid_level_expert,50,67,76,72,50,0.221,62,52,66,0,1,0,0,1,1,1,0,49,fail
563,3.5,mid_level_expert,96,80,93,92,98,0.04,124,80,93,0,0,0,0,0,1,1,0,92,pass
564,0.7,fresher,71,75,87,80,100,0.108,72,94,83,0,0,0,0,0,1,1,0,56,fail
565,5.5,mid_level_expert,100,96,88,99,98,0.142,56,84,95,0,0,0,0,0,1,1,0,89,pass
566,2.0,junior_professional,59,66,82,75,47,0.198,47,70,69,0,0,0,0,0,1,1,0,55,fail
567,1.9,junior_professional,60,47,55,82,67,0.194,55,64,83,1,0,0,0,1,1,0,0,46,fail
568,2.7,junior_professional,62,24,52,53,61,0.132,74,50,42,0,0,0,0,0,1,1,0,60,fail
569,0.4,fresher,57,64,28,49,63,0.104,62,36,64,0,0,0,0,0,1,1,0,39,fail
570,2.7,junior_professional,58,88,73,60,78,0.188,130,78,63,0,0,0,0,0,1,1,0,67,fail
571,7.7,senior_professional,76,56,48,47,56,0.138,115,60,61,0,0,0,0,0,1,1,0,65,fail
572,3.8,mid_level_expert,50,54,29,84,37,0.152,122,46,64,0,0,0,0,0,1,1,0,54,fail
573,5.5,mid_level_expert,73,62,77,80,54,0.135,26,74,59,0,0,0,0,0,1,1,0,62,fail
574,0.9,fresher,41,40,60,31,32,0.19,116,54,45,0,0,0,0,0,1,1,0,36,fail
575,0.2,fresher,75,95,100,100,88,0.024,84,91,86,0,0,0,0,0,1,1,0,73,pass
576,1.6,junior_professional,61,44,64,51,38,0.135,114,51,85,0,0,0,0,0,1,1,0,53,fail
577,3.9,mid_level_expert,61,40,79,59,42,0.177,101,53,56,0,0,0,0,0,1,1,0,42,fail
578,2.0,junior_professional,100,64,84,55,74,0.165,81,80,60,0,0,0,0,0,1,1,0,72,pass
579,0.2,fresher,78,88,74,100,96,0.016,50,87,91,0,0,0,0,0,1,1,0,91,pass
580,6.9,senior_professional,74,89,86,91,62,0.014,43,65,100,0,0,0,0,0,1,1,0,69,fail
581,2.7,junior_professional,85,85,77,95,96,0.089,29,84,81,0,0,0,0,0,1,1,0,74,pass
582,1.6,junior_professional,42,70,77,67,36,0.068,60,59,79,0,0,0,0,0,1,1,0,59,fail
583,14.9,industry_veteran,75,81,71,70,100,0.135,90,91,90,0,0,0,0,0,1,1,0,75,pass
584,2.1,junior_professional,59,37,65,64,51,0.151,94,42,28,0,0,0,0,0,1,1,0,54,fail
585,8.8,senior_professional,63,92,72,77,64,0.129,54,70,88,0,0,0,0,0,1,1,0,68,fail
586,5.1,mid_level_expert,29,22,37,35,39,0.148,91,32,32,0,0,1,0,1,1,1,0,25,fail
587,0.4,fresher,100,94,100,100,100,0.054,123,100,89,0,0,0,0,0,1,1,0,90,pass
588,1.7,junior_professional,48,63,39,51,63,0.152,77,51,49,0,0,0,0,0,1,1,0,35,fail
589,3.1,mid_level_expert,42,37,61,72,68,0.147,46,72,78,1,0,0,0,0,1,1,0,45,fail
590,0.6,fresher,100,81,74,89,85,0.108,103,91,79,0,0,0,0,0,1,1,1,76,fail
591,0.2,fresher,80,47,61,62,66,0.134,93,74,67,0,0,0,0,0,1,1,0,63,fail
592,4.4,mid_level_expert,68,60,62,67,35,0.125,49,52,62,0,0,0,0,0,1,1,0,51,fail
593,11.6,industry_veteran,68,68,69,56,44,0.099,113,72,52,0,0,0,0,0,1,1,0,51,fail
594,5.8,mid_level_expert,100,95,97,100,92,0.036,51,100,75,0,0,0,0,0,1,1,0,82,pass
595,11.7,industry_veteran,70,71,58,64,81,0.106,128,56,68,0,0,0,0,0,1,1,0,68,fail
596,1.4,junior_professional,56,29,43,25,59,0.069,121,72,17,0,0,0,0,0,1,1,0,41,fail
597,2.0,junior_professional,94,89,70,100,100,0.025,45,100,100,0,0,0,0,0,1,1,0,87,pass
598,5.8,mid_level_expert,68,51,70,71,76,0.108,79,69,64,1,0,0,0,0,1,1,0,49,fail
599,1.7,junior_professional,79,71,72,93,94,0.068,25,61,73,0,0,1,0,0,1,1,0,73,fail
600,11.8,industry_veteran,54,66,84,98,86,0.154,73,94,88,0,0,0,0,0,1,1,0,74,pass
601,5.2,mid_level_expert,50,72,67,93,50,0.091,51,59,46,0,1,0,0,0,1,1,0,57,fail
602,0.7,fresher,95,99,100,92,89,0.087,110,81,82,0,0,0,0,0,1,1,0,87,pass
603,4.0,mid_level_expert,89,87,100,71,76,0.065,69,69,97,0,0,0,0,0,1,1,0,88,pass
604,12.6,industry_veteran,100,87,85,85,77,0.181,31,76,79,0,0,0,0,0,1,1,0,70,pass
605,0.6,fresher,68,75,61,73,46,0.135,89,81,81,0,0,0,0,0,1,1,0,55,fail
606,0.2,fresher,82,56,57,74,91,0.01,30,79,62,0,0,0,0,0,1,1,0,68,fail
607,1.2,junior_professional,88,84,100,86,55,0.109,66,80,91,0,0,0,0,0,1,1,0,77,pass
608,3.2,mid_level_expert,89,68,95,93,97,0.042,87,100,100,0,0,0,0,0,1,1,0,74,pass
609,2.2,junior_professional,47,46,44,76,57,0.081,32,79,55,0,0,0,0,0,1,1,0,42,fail
610,2.4,junior_professional,97,68,90,81,70,0.049,98,99,74,0,0,0,0,0,1,1,0,79,pass
611,2.1,junior_professional,43,79,65,46,44,0.103,45,26,52,0,0,0,0,0,1,1,0,47,fail
612,0.8,fresher,21,48,72,52,38,0.25,99,48,48,0,0,0,0,0,1,1,0,28,fail
613,0.4,fresher,48,65,68,75,75,0.106,51,89,57,0,0,0,0,0,1,1,0,43,fail
614,9.5,senior_professional,70,50,74,58,84,0.185,119,44,75,0,0,0,0,0,1,1,0,58,fail
615,15.0,industry_veteran,61,84,79,58,97,0.087,72,73,97,0,0,0,0,0,0,1,0,75,fail
616,6.0,senior_professional,44,58,58,55,44,0.175,110,19,44,0,0,0,0,0,1,1,0,28,fail
617,6.6,senior_professional,64,62,84,73,97,0.105,79,90,84,0,0,0,0,0,1,1,0,61,fail
618,0.4,fresher,58,78,82,80,63,0.178,104,64,56,0,0,0,0,0,1,1,0,44,fail
619,0.1,fresher,61,66,62,100,100,0.163,81,77,90,0,0,0,0,0,1,1,0,66,fail
620,0.4,fresher,72,40,33,32,42,0.122,71,53,43,0,0,0,0,0,1,1,0,52,fail
621,1.5,junior_professional,83,74,65,75,82,0.066,116,66,58,0,0,0,0,0,1,1,0,68,fail
622,2.3,junior_professional,82,48,66,63,60,0.094,118,82,64,0,0,0,0,0,1,1,0,67,fail
623,2.1,junior_professional,70,45,42,66,58,0.11,98,53,73,0,0,0,0,0,1,1,0,54,fail
624,12.6,industry_veteran,65,45,23,47,51,0.226,32,61,42,0,0,0,0,0,1,1,0,30,fail
625,0.3,fresher,48,43,65,31,51,0.099,115,43,67,0,0,0,0,0,1,1,0,46,fail
626,4.7,mid_level_expert,80,94,87,90,66,0.034,26,97,77,0,0,0,0,0,1,1,0,69,fail
627,1.5,junior_professional,49,70,70,75,51,0.188,70,66,55,0,0,0,0,0,1,1,0,53,fail
628,3.9,mid_level_expert,46,69,62,41,33,0.089,57,39,78,0,0,0,0,0,1,1,0,61,fail
629,11.3,industry_veteran,49,49,76,78,71,0.182,69,72,53,0,0,0,0,0,1,1,0,51,fail
630,5.6,mid_level_expert,34,41,54,47,11,0.121,120,50,51,0,0,0,0,0,1,1,0,35,fail
631,10.1,industry_veteran,69,41,62,66,65,0.1,107,61,76,0,0,0,0,0,1,1,0,61,fail
632,0.2,fresher,62,71,78,77,38,0.304,93,57,43,0,0,0,0,1,1,1,0,52,fail
633,0.7,fresher,98,84,42,72,70,0.115,71,74,84,1,0,0,0,0,1,1,0,53,fail
634,0.0,fresher,57,54,80,71,58,0.173,97,63,37,0,0,0,0,0,1,1,0,47,fail
635,7.3,senior_professional,66,94,81,72,69,0.091,65,82,81,0,0,0,0,1,1,1,0,62,fail
636,14.7,industry_veteran,36,41,48,53,49,0.182,64,49,77,0,1,0,0,0,1,1,0,45,fail
637,0.5,fresher,67,61,66,66,71,0.148,88,49,70,0,1,0,1,0,1,1,0,43,fail
638,13.9,industry_veteran,98,80,89,98,77,0.128,37,96,98,0,0,0,0,0,1,1,0,79,pass
639,0.6,fresher,51,45,41,30,45,0.129,117,56,34,0,0,0,0,0,1,1,0,37,fail
640,13.1,industry_veteran,100,98,100,100,92,0.11,65,84,94,0,0,0,0,0,1,1,0,89,pass
641,14.8,industry_veteran,91,82,87,49,91,0.135,107,73,76,0,0,0,0,0,1,1,0,73,fail
642,14.0,industry_veteran,56,90,60,62,68,0.085,69,67,71,0,0,0,0,0,1,1,0,71,pass
643,2.0,junior_professional,53,35,37,45,42,0.155,97,40,31,0,0,0,0,0,1,1,0,31,fail
644,2.9,junior_professional,28,48,53,42,65,0.117,97,68,49,0,0,0,0,0,1,1,0,40,fail
645,10.6,industry_veteran,59,65,53,72,60,0.104,125,84,66,0,0,0,0,0,1,1,0,62,fail
646,0.3,fresher,70,49,58,61,70,0.057,43,63,72,0,0,0,0,1,1,1,0,53,fail
647,6.8,senior_professional,74,67,58,57,70,0.145,109,36,71,0,0,0,0,0,1,1,0,53,fail
648,2.6,junior_professional,44,32,38,40,47,0.07,113,39,11,0,0,0,0,0,1,1,0,25,fail
649,13.4,industry_veteran,92,93,100,77,100,0.102,108,63,86,0,0,0,0,0,1,1,0,83,pass
650,2.7,junior_professional,67,73,54,85,75,0.074,47,76,68,0,0,0,0,0,1,1,0,67,fail
651,3.2,mid_level_expert,67,27,24,51,40,0.171,76,46,44,0,0,0,0,0,1,1,0,34,fail
652,2.5,junior_professional,33,39,47,37,49,0.15,82,50,44,0,0,0,0,0,1,1,1,21,fail
653,8.1,senior_professional,69,68,95,100,71,0.101,82,80,73,0,0,0,0,0,1,1,0,65,fail
654,12.5,industry_veteran,68,73,47,70,41,0.129,127,61,60,0,1,0,0,0,1,1,0,53,fail
655,0.3,fresher,71,74,81,84,79,0.166,71,71,93,1,0,0,0,0,0,1,1,58,fail
656,2.4,junior_professional,100,92,100,100,99,0.174,28,100,94,0,0,0,0,0,1,0,0,90,fail
657,3.8,mid_level_expert,81,65,66,80,77,0.164,75,53,69,0,0,0,0,0,1,1,0,61,fail
658,3.4,mid_level_expert,61,55,25,43,69,0.14,100,53,59,0,0,0,0,1,1,1,0,39,fail
659,12.0,industry_veteran,69,79,81,100,69,0.114,33,95,63,0,0,0,0,0,1,1,0,71,pass
660,9.2,senior_professional,65,67,58,81,56,0.209,114,71,77,0,0,0,0,0,1,1,0,62,fail
661,4.5,mid_level_expert,87,71,68,69,63,0.15,89,79,69,0,0,0,0,1,1,1,1,62,fail
662,1.5,junior_professional,67,62,46,82,75,0.102,127,75,74,0,0,0,0,0,1,1,0,54,fail
663,3.3,mid_level_expert,100,100,100,100,88,0.102,31,100,89,0,0,0,0,0,1,1,0,87,pass
664,14.2,industry_veteran,100,100,77,100,100,0.152,70,94,96,0,0,0,0,0,1,1,0,86,pass
665,0.1,fresher,46,70,27,39,51,0.121,89,26,41,0,0,0,0,0,1,1,0,46,fail
666,0.2,fresher,79,47,59,64,66,0.105,85,56,75,0,0,0,0,0,1,1,1,62,fail
667,4.9,mid_level_expert,53,41,73,74,57,0.194,115,51,39,0,0,0,0,0,1,1,0,49,fail
668,0.5,fresher,87,89,100,87,90,0.054,104,86,84,0,0,0,0,0,1,1,0,90,pass
669,0.9,fresher,50,80,78,89,78,0.14,100,70,63,0,0,0,0,0,1,1,0,63,fail
670,3.7,mid_level_expert,68,87,69,78,67,0.075,41,81,61,0,0,0,0,0,1,1,0,63,fail
671,0.1,fresher,60,62,41,65,37,0.192,83,83,49,0,0,0,0,0,1,1,0,49,fail
672,8.7,senior_professional,80,62,89,80,83,0.046,77,76,79,0,0,0,0,0,1,1,0,71,pass
673,2.3,junior_professional,60,57,68,73,69,0.152,76,65,72,1,0,0,0,0,1,1,0,56,fail
674,6.2,senior_professional,77,90,57,73,79,0.103,64,55,94,0,0,0,0,0,1,1,0,76,pass
675,9.8,senior_professional,72,62,25,61,59,0.163,30,44,32,0,0,0,0,0,1,1,0,38,fail
676,2.2,junior_professional,100,83,99,83,90,0.01,42,81,94,0,0,0,0,0,1,1,0,94,pass
677,0.7,fresher,72,61,57,62,67,0.055,129,78,55,0,0,0,0,0,1,1,0,78,pass
678,0.2,fresher,100,89,100,100,100,0.144,78,89,100,0,0,0,0,0,1,1,0,75,pass
679,15.0,industry_veteran,50,51,51,51,62,0.156,92,45,47,0,1,0,1,0,1,1,0,41,fail
680,0.4,fresher,79,100,100,97,96,0.135,129,60,100,0,0,1,0,1,1,1,0,71,fail
681,0.9,fresher,59,87,52,77,62,0.126,38,73,69,0,0,0,0,0,1,1,0,63,fail
682,4.2,mid_level_expert,67,50,61,64,53,0.108,39,78,71,0,0,0,0,0,1,1,0,59,fail
683,1.3,junior_professional,92,87,68,92,84,0.109,35,100,82,0,0,0,0,0,1,1,0,78,pass
684,2.8,junior_professional,75,74,68,80,83,0.126,99,69,86,0,0,0,0,0,1,1,0,61,fail
685,8.7,senior_professional,58,77,63,62,94,0.051,66,60,50,0,0,0,0,0,1,1,0,62,fail
686,4.2,mid_level_expert,56,80,45,61,70,0.048,85,47,65,0,0,0,0,0,1,1,0,69,fail
687,5.8,mid_level_expert,78,55,75,82,47,0.143,116,56,83,0,0,0,0,0,1,1,0,64,fail
688,1.1,junior_professional,67,78,73,70,39,0.078,101,74,76,0,0,0,0,0,1,1,0,56,fail
689,6.5,senior_professional,65,60,30,51,62,0.133,74,66,49,1,0,0,0,0,1,1,0,42,fail
690,1.7,junior_professional,95,79,68,66,60,0.07,103,99,75,0,0,1,1,0,1,1,0,74,fail
691,1.4,junior_professional,70,78,80,82,63,0.057,65,90,71,0,0,0,0,0,1,1,0,65,fail
692,14.3,industry_veteran,36,54,63,45,26,0.078,27,38,44,1,0,0,0,0,1,1,0,35,fail
693,11.5,industry_veteran,39,47,27,57,69,0.173,39,64,39,0,0,0,1,0,1,1,0,40,fail
694,6.3,senior_professional,64,67,74,78,54,0.184,124,73,88,0,1,0,0,1,1,0,0,70,fail
695,4.8,mid_level_expert,45,89,85,96,66,0.037,46,75,94,0,0,0,0,0,1,1,0,70,pass
696,9.3,senior_professional,48,46,57,38,39,0.202,47,47,32,0,0,0,0,0,1,1,0,30,fail
697,0.5,fresher,63,41,62,36,71,0.099,127,66,45,0,0,0,1,1,1,1,0,52,fail
698,10.5,industry_veteran,43,65,53,65,56,0.179,112,55,89,0,1,0,0,0,1,0,0,37,fail
699,2.9,junior_professional,15,39,41,14,36,0.12,83,31,0,0,0,0,0,0,1,1,0,18,fail
700,1.6,junior_professional,99,81,87,94,91,0.105,57,92,96,0,0,0,0,0,1,1,0,96,pass
701,10.4,industry_veteran,67,72,48,46,65,0.096,46,55,65,0,0,0,0,0,1,1,0,60,fail
702,7.6,senior_professional,79,75,76,90,91,0.107,120,77,86,0,0,0,0,0,1,1,0,77,pass
703,1.8,junior_professional,78,88,58,85,66,0.163,43,51,55,0,0,0,0,0,1,1,0,68,fail
704,5.3,mid_level_expert,65,70,72,72,55,0.103,48,53,74,0,0,0,0,0,1,1,0,64,fail
705,10.1,industry_veteran,34,36,46,56,66,0.158,62,62,48,0,0,0,0,0,1,0,0,30,fail
706,4.5,mid_level_expert,69,67,87,77,58,0.062,105,58,63,0,0,0,0,0,1,1,0,62,fail
707,8.4,senior_professional,27,35,38,33,8,0.173,70,14,20,0,1,0,0,0,1,1,0,23,fail
708,0.6,fresher,70,100,95,91,82,0.01,105,79,79,0,0,0,0,0,1,1,0,73,pass
709,13.0,industry_veteran,67,72,68,76,43,0.081,57,76,71,0,0,0,0,0,1,1,0,69,fail
710,5.2,mid_level_expert,65,76,83,72,53,0.078,25,66,79,1,0,0,0,0,1,1,0,65,fail
711,13.2,industry_veteran,60,52,71,70,77,0.01,52,60,40,0,0,0,0,0,1,1,0,54,fail
712,2.3,junior_professional,69,64,59,51,43,0.122,102,71,64,0,0,0,0,0,1,1,0,44,fail
713,11.1,industry_veteran,17,31,35,32,48,0.151,89,24,49,0,0,0,0,0,1,1,0,23,fail
714,4.5,mid_level_expert,65,44,47,40,64,0.15,119,56,67,0,0,0,0,0,1,1,0,55,fail
715,8.7,senior_professional,86,100,91,99,100,0.136,106,100,100,0,0,0,0,0,1,1,0,81,pass
716,8.0,senior_professional,56,53,74,55,71,0.097,92,39,74,0,0,0,0,0,1,1,0,58,fail
717,0.5,fresher,50,70,49,78,73,0.187,38,55,70,0,0,0,0,0,1,1,0,44,fail
718,0.8,fresher,25,25,22,29,51,0.114,66,46,15,0,0,0,1,0,1,1,0,14,fail
719,6.3,senior_professional,59,41,25,52,55,0.095,59,36,43,0,0,0,0,0,1,1,0,49,fail
720,9.4,senior_professional,48,45,54,55,63,0.121,94,69,71,0,0,0,0,0,1,1,0,49,fail
721,3.1,mid_level_expert,100,100,70,92,87,0.038,110,93,99,0,0,0,0,0,1,1,0,83,pass
722,4.9,mid_level_expert,72,61,28,42,68,0.195,32,69,40,0,0,0,0,0,0,1,0,46,fail
723,1.7,junior_professional,42,49,39,52,32,0.073,90,55,64,0,0,0,0,0,1,1,0,42,fail
724,0.9,fresher,54,74,33,77,42,0.122,110,63,55,0,0,0,0,0,1,1,0,39,fail
725,5.8,mid_level_expert,89,49,49,91,70,0.128,58,51,64,0,0,0,0,0,1,1,1,48,fail
726,0.5,fresher,84,94,100,95,93,0.135,55,85,100,0,0,0,0,0,1,1,0,88,pass
727,6.3,senior_professional,100,77,100,100,94,0.037,35,100,100,0,0,0,0,0,1,1,0,87,pass
728,3.5,mid_level_expert,34,62,79,42,62,0.103,62,69,72,0,0,0,0,0,1,1,0,41,fail
729,8.6,senior_professional,51,74,35,47,53,0.211,124,47,58,0,0,1,0,0,1,1,0,34,fail
730,0.3,fresher,96,98,93,82,90,0.111,40,90,100,0,0,0,0,0,1,1,0,75,pass
731,1.3,junior_professional,50,49,83,62,41,0.158,90,46,50,0,0,0,0,0,1,1,0,49,fail
732,1.3,junior_professional,84,78,79,82,58,0.01,53,80,73,0,0,0,0,0,1,1,0,92,pass
733,11.2,industry_veteran,92,88,82,99,72,0.126,48,84,74,0,0,0,0,0,1,1,0,72,pass
734,1.0,junior_professional,69,53,65,62,68,0.047,124,43,66,0,0,0,0,0,1,1,0,58,fail
735,6.2,senior_professional,57,46,52,60,62,0.098,44,58,66,0,0,0,0,0,0,1,0,46,fail
736,11.4,industry_veteran,58,65,74,76,66,0.124,48,68,67,0,0,0,0,0,1,1,0,64,fail
737,2.6,junior_professional,63,49,61,95,72,0.118,125,79,72,0,0,0,0,0,1,1,0,58,fail
738,3.4,mid_level_expert,45,53,39,53,43,0.129,67,44,34,0,0,0,0,0,1,1,0,34,fail
739,0.4,fresher,79,41,76,45,70,0.134,61,53,71,0,0,0,0,0,1,1,0,46,fail
740,2.2,junior_professional,90,81,78,66,81,0.012,34,56,40,0,0,0,0,0,1,1,0,66,fail
741,9.1,senior_professional,74,79,79,80,57,0.055,28,87,81,0,0,0,0,0,1,1,0,81,pass
742,1.8,junior_professional,38,42,52,26,41,0.075,121,50,40,0,0,0,0,0,1,1,0,33,fail
743,0.0,fresher,76,46,55,100,80,0.11,68,92,86,0,0,0,0,0,1,1,0,62,fail
744,12.7,industry_veteran,82,95,88,81,74,0.115,126,82,69,0,0,0,0,0,1,1,0,71,pass
745,12.1,industry_veteran,85,77,84,85,100,0.043,128,79,95,0,0,0,0,0,1,0,0,80,fail
746,8.8,senior_professional,90,62,66,78,69,0.037,91,87,89,0,0,0,0,0,1,1,0,74,pass
747,1.5,junior_professional,82,86,79,96,100,0.02,42,97,100,0,0,0,0,0,1,1,0,79,pass
748,1.1,junior_professional,100,100,100,88,92,0.05,25,100,95,0,1,0,0,0,1,1,0,90,fail
749,1.6,junior_professional,66,53,80,64,66,0.189,108,79,65,0,1,0,0,0,1,1,0,48,fail
750,0.2,fresher,84,88,66,78,75,0.044,111,80,84,0,0,0,0,0,1,1,0,75,pass
751,0.5,fresher,52,44,41,31,58,0.151,67,42,30,1,0,0,0,0,1,1,0,33,fail
752,0.1,fresher,91,93,95,86,66,0.041,117,88,95,0,0,1,0,0,1,1,0,84,fail
753,10.3,industry_veteran,89,55,67,91,73,0.131,129,64,70,0,0,0,0,0,1,1,0,64,fail
754,4.5,mid_level_expert,72,67,68,75,60,0.133,126,52,70,0,1,0,0,0,1,1,0,56,fail
755,8.0,senior_professional,62,71,53,58,39,0.139,42,52,58,0,1,0,0,0,1,1,0,49,fail
756,5.0,mid_level_expert,65,56,91,60,19,0.108,101,42,62,0,0,0,0,0,1,1,0,49,fail
757,1.4,junior_professional,60,71,80,85,64,0.112,88,87,61,0,0,0,0,0,1,1,0,65,pass
758,9.6,senior_professional,54,53,72,63,64,0.094,50,75,74,0,0,0,0,0,1,1,0,55,fail
759,8.8,senior_professional,64,88,98,70,77,0.118,47,88,77,1,0,0,0,0,1,1,1,71,fail
760,0.5,fresher,65,81,95,86,100,0.058,116,58,85,0,0,0,0,0,1,1,0,66,fail
761,1.1,junior_professional,91,69,67,79,44,0.136,34,88,99,0,0,0,0,1,1,1,0,73,fail
762,13.3,industry_veteran,34,23,54,51,43,0.114,52,41,41,0,0,0,0,0,1,1,0,49,fail
763,0.0,fresher,74,72,93,80,77,0.126,127,95,87,0,0,0,0,0,1,1,0,62,fail
764,1.8,junior_professional,93,74,81,92,87,0.132,104,95,98,0,0,1,0,0,1,1,0,69,fail
765,11.3,industry_veteran,100,66,84,39,63,0.143,52,49,55,0,0,0,0,0,1,1,0,63,fail
766,7.8,senior_professional,87,92,55,66,55,0.142,70,83,71,0,0,0,0,0,1,1,0,71,pass
767,8.7,senior_professional,71,64,76,75,80,0.056,55,56,78,0,0,0,0,0,1,1,0,66,fail
768,14.7,industry_veteran,86,66,90,55,93,0.046,120,88,61,1,0,0,0,0,1,1,0,63,fail
769,6.6,senior_professional,66,49,48,43,77,0.151,42,42,54,0,0,0,0,0,1,1,0,44,fail
770,0.5,fresher,69,73,85,76,99,0.01,53,68,88,0,0,0,0,0,1,1,0,68,fail
771,0.8,fresher,52,49,67,65,34,0.14,124,87,66,0,0,0,0,0,1,1,0,59,fail
772,2.7,junior_professional,87,69,45,82,60,0.067,45,88,62,0,0,0,0,0,1,1,0,58,fail
773,2.5,junior_professional,48,65,63,63,93,0.01,99,73,66,1,0,0,0,0,1,1,1,65,fail
774,14.4,industry_veteran,100,84,75,91,68,0.056,41,92,100,0,0,0,0,0,1,1,0,79,pass
775,7.4,senior_professional,58,52,38,57,51,0.21,118,75,75,0,0,0,0,0,1,1,0,51,fail
776,3.7,mid_level_expert,66,52,82,70,47,0.037,84,52,45,0,0,0,0,0,1,1,0,60,fail
777,9.8,senior_professional,41,48,59,59,49,0.066,125,76,37,1,0,0,0,0,1,1,0,48,fail
778,0.0,fresher,76,76,70,92,88,0.052,75,87,77,0,0,0,0,0,1,1,0,72,pass
779,0.8,fresher,79,86,81,74,78,0.166,113,51,55,0,0,0,0,0,1,1,0,65,fail
780,0.9,fresher,100,100,100,88,98,0.01,47,87,87,0,0,0,0,0,1,1,0,93,pass
781,11.2,industry_veteran,29,59,73,64,55,0.097,74,73,59,0,1,0,0,0,1,1,0,48,fail
782,1.3,junior_professional,100,80,75,100,91,0.01,68,88,77,0,0,0,0,0,1,1,0,74,pass
783,3.3,mid_level_expert,100,79,52,97,96,0.077,121,94,74,0,1,0,0,0,1,1,0,80,fail
784,7.9,senior_professional,91,64,61,83,87,0.096,127,71,81,0,0,0,0,0,1,1,0,69,pass
785,3.6,mid_level_expert,64,60,67,66,79,0.044,114,90,78,0,0,0,0,0,1,1,0,70,pass
786,5.7,mid_level_expert,68,70,57,81,79,0.195,67,62,74,0,0,0,0,0,1,1,0,55,fail
787,3.6,mid_level_expert,51,53,37,61,66,0.21,55,51,57,0,0,0,0,0,1,1,0,38,fail
788,5.3,mid_level_expert,62,49,48,64,60,0.163,57,64,58,0,0,0,0,0,1,1,0,60,fail
789,8.7,senior_professional,100,89,92,84,83,0.13,129,91,86,0,0,0,0,0,1,1,0,92,pass
790,6.4,senior_professional,79,54,100,75,83,0.18,94,89,100,0,0,0,0,0,1,1,0,66,fail
791,4.7,mid_level_expert,100,87,100,100,82,0.124,52,75,48,0,0,0,0,0,1,1,0,87,pass
792,9.3,senior_professional,100,59,72,98,100,0.038,109,89,100,0,0,0,0,0,1,1,0,83,pass
793,6.2,senior_professional,54,73,50,81,54,0.109,51,45,43,0,0,0,0,0,1,1,0,53,fail
794,10.6,industry_veteran,78,76,99,51,81,0.102,125,70,74,1,0,0,0,0,1,1,0,68,fail
795,6.3,senior_professional,72,91,76,100,85,0.104,79,64,100,0,1,0,0,0,1,1,0,87,fail
796,0.1,fresher,76,84,86,81,97,0.131,91,100,48,0,0,0,0,0,1,1,0,66,fail
797,10.4,industry_veteran,24,67,67,71,65,0.153,63,71,52,0,0,0,0,0,1,1,0,49,fail
798,9.8,senior_professional,83,64,61,66,48,0.16,83,73,43,1,0,0,0,0,1,1,0,59,fail
799,12.7,industry_veteran,69,72,79,90,100,0.153,35,90,99,0,0,0,0,0,1,1,0,78,pass
800,5.3,mid_level_expert,73,64,80,68,96,0.116,102,83,76,0,0,0,0,0,1,1,0,68,fail
801,5.0,mid_level_expert,93,100,95,100,89,0.05,35,100,87,0,0,0,0,1,1,1,0,77,fail
802,8.6,senior_professional,57,44,66,59,53,0.107,67,34,59,0,0,0,0,0,1,1,0,37,fail
803,4.8,mid_level_expert,71,49,36,84,58,0.104,48,44,52,0,0,0,0,0,1,1,0,59,fail
804,0.7,fresher,45,51,82,66,71,0.076,30,62,96,1,0,0,0,0,1,1,0,58,fail
805,4.2,mid_level_expert,97,71,65,88,89,0.093,98,66,96,0,0,0,0,0,1,1,0,79,pass
806,1.9,junior_professional,100,90,80,75,100,0.115,112,71,84,0,0,0,0,0,1,1,0,84,pass
807,8.4,senior_professional,100,87,85,100,84,0.136,62,97,89,0,0,0,0,0,1,1,0,88,pass
808,12.5,industry_veteran,92,74,75,79,97,0.097,39,70,96,0,0,0,0,0,1,1,0,82,pass
809,1.7,junior_professional,52,56,51,44,43,0.061,111,35,48,0,0,0,0,0,1,1,0,52,fail
810,0.3,fresher,43,58,61,73,34,0.228,80,52,64,0,0,0,0,0,1,1,0,41,fail
811,13.9,industry_veteran,38,72,57,65,30,0.075,72,52,31,0,0,0,0,0,1,1,0,49,fail
812,8.5,senior_professional,59,44,70,49,47,0.204,116,50,47,0,0,0,0,0,1,1,0,36,fail
813,10.1,industry_veteran,84,79,100,93,84,0.123,55,91,100,0,0,0,0,0,1,1,0,75,pass
814,1.8,junior_professional,59,45,66,83,57,0.085,62,72,56,0,0,0,0,0,1,1,0,59,fail
815,12.7,industry_veteran,89,63,50,55,81,0.137,39,59,45,0,0,0,0,0,1,1,0,61,fail
816,0.0,fresher,69,82,81,68,62,0.189,119,67,54,0,0,0,0,0,1,1,0,59,fail
817,12.3,industry_veteran,55,71,56,54,42,0.167,66,47,32,0,0,0,0,0,1,1,0,30,fail
818,3.9,mid_level_expert,78,74,66,61,64,0.132,68,43,76,0,0,0,0,0,1,0,0,72,fail
819,9.6,senior_professional,68,65,68,54,56,0.111,71,64,58,0,0,0,0,0,1,1,0,55,fail
820,1.7,junior_professional,49,79,44,43,47,0.237,82,67,71,0,0,0,0,0,1,1,0,46,fail
821,6.3,senior_professional,53,31,39,34,51,0.098,104,45,48,0,0,0,0,0,1,1,0,44,fail
822,11.6,industry_veteran,35,65,67,47,74,0.24,40,67,77,1,0,0,0,0,1,1,0,46,fail
823,0.1,fresher,88,92,81,67,53,0.154,107,79,69,0,0,0,0,0,1,0,0,68,fail
824,5.0,mid_level_expert,80,65,76,72,69,0.221,50,80,72,0,0,0,1,0,1,1,0,68,fail
825,11.9,industry_veteran,75,59,62,58,94,0.102,27,59,52,0,0,0,0,0,1,1,0,62,fail
826,0.3,fresher,85,80,55,59,82,0.2,27,91,63,1,0,0,0,0,1,1,0,54,fail
827,10.2,industry_veteran,75,74,93,88,90,0.095,44,100,78,0,0,0,0,0,1,1,0,65,fail
828,3.3,mid_level_expert,80,78,69,68,57,0.178,35,47,68,0,0,0,0,0,1,1,0,75,pass
829,0.1,fresher,67,76,88,89,64,0.045,34,69,65,0,0,0,0,1,1,1,1,79,fail
830,14.9,industry_veteran,72,70,75,75,68,0.061,58,62,93,0,0,0,0,0,1,1,0,61,fail
831,1.4,junior_professional,67,96,56,79,65,0.054,121,71,81,0,0,0,0,0,1,1,0,63,fail
832,13.1,industry_veteran,85,74,75,84,61,0.102,65,85,84,0,0,0,0,0,1,1,0,75,pass
833,2.8,junior_professional,88,64,81,96,80,0.102,92,69,100,0,0,0,0,0,1,1,0,84,pass
834,13.3,industry_veteran,71,91,69,84,69,0.035,40,99,74,0,0,0,0,0,1,1,0,75,pass
835,14.8,industry_veteran,72,65,54,80,81,0.132,57,45,53,0,0,0,0,0,1,1,0,53,fail
836,0.9,fresher,75,92,63,90,49,0.164,113,73,60,0,0,0,0,1,1,1,0,53,fail
837,1.6,junior_professional,61,85,70,78,100,0.052,112,81,92,0,0,0,0,1,1,1,0,62,fail
838,10.9,industry_veteran,68,49,59,75,67,0.08,88,73,77,0,0,0,0,0,1,1,0,52,fail
839,0.1,fresher,67,93,100,100,100,0.095,108,100,100,0,0,0,0,0,0,1,0,76,fail
840,3.2,mid_level_expert,27,76,60,80,48,0.105,103,89,57,0,0,0,0,0,1,1,0,48,fail
841,1.2,junior_professional,53,50,44,32,41,0.054,53,64,39,0,0,0,0,0,1,1,0,37,fail
842,1.1,junior_professional,65,56,62,59,79,0.121,80,72,97,0,0,0,0,1,1,1,0,57,fail
843,12.9,industry_veteran,72,60,42,65,60,0.15,112,34,46,0,0,0,0,0,1,1,0,59,fail
844,0.0,fresher,100,87,84,100,63,0.105,27,85,100,0,0,0,0,0,1,1,0,78,pass
845,6.6,senior_professional,69,96,86,86,90,0.024,41,87,87,0,0,0,0,0,1,0,0,72,fail
846,3.9,mid_level_expert,38,35,33,24,38,0.103,129,23,46,0,0,0,0,0,1,1,0,25,fail
847,12.1,industry_veteran,70,83,71,75,67,0.051,90,75,71,0,1,0,0,0,1,1,0,69,fail
848,2.5,junior_professional,70,98,59,60,71,0.068,49,56,53,0,0,0,0,0,1,1,0,60,fail
849,6.4,senior_professional,46,39,53,31,62,0.169,105,49,50,0,0,0,0,0,1,1,0,40,fail
850,13.4,industry_veteran,38,53,69,38,57,0.104,84,34,64,0,0,0,0,0,1,1,0,37,fail
851,1.8,junior_professional,100,93,74,88,74,0.072,94,64,86,0,0,0,0,0,1,1,0,74,pass
852,0.3,fresher,96,66,80,94,74,0.113,107,69,82,0,0,0,0,0,1,1,0,80,pass
853,5.2,mid_level_expert,92,60,69,54,74,0.109,76,68,63,0,0,0,0,0,1,1,0,63,fail
854,0.2,fresher,100,85,94,100,78,0.168,100,85,89,0,0,0,0,0,1,1,0,75,pass
855,5.0,mid_level_expert,88,75,78,75,98,0.113,93,73,100,0,0,0,0,0,1,1,0,75,pass
856,1.2,junior_professional,87,100,80,63,93,0.065,68,76,100,0,0,0,0,0,1,1,0,90,pass
857,7.1,senior_professional,80,100,76,100,85,0.051,49,90,100,0,0,0,0,0,1,1,0,90,pass
858,0.4,fresher,79,85,84,93,90,0.01,77,76,85,0,0,0,1,0,1,1,0,86,fail
859,0.1,fresher,100,79,54,88,67,0.117,62,79,86,0,0,0,1,0,1,1,0,82,fail
860,5.5,mid_level_expert,72,73,81,73,61,0.086,79,76,55,0,0,0,0,0,1,1,0,55,fail
861,0.8,fresher,43,44,37,66,64,0.118,76,66,48,0,0,0,0,0,1,1,0,47,fail
862,11.6,industry_veteran,75,74,37,85,81,0.12,40,73,84,0,0,0,0,0,1,1,0,59,fail
863,14.8,industry_veteran,72,62,96,90,65,0.056,40,83,79,0,0,0,0,0,1,1,0,71,pass
864,3.6,mid_level_expert,77,78,98,70,62,0.111,106,72,63,0,0,0,0,0,0,1,0,62,fail
865,9.0,senior_professional,43,100,68,84,95,0.015,111,87,100,0,0,0,0,0,1,1,0,87,pass
866,5.6,mid_level_expert,100,99,100,95,65,0.064,34,93,66,0,0,0,0,0,1,1,0,86,pass
867,1.1,junior_professional,66,91,76,87,79,0.031,65,80,66,0,0,0,0,0,1,1,0,71,pass
868,0.1,fresher,76,100,70,100,94,0.123,88,91,82,0,0,0,0,0,1,1,0,75,pass
869,5.1,mid_level_expert,63,69,68,76,66,0.151,92,47,29,0,0,0,0,0,1,1,0,54,fail
870,1.7,junior_professional,100,71,78,85,79,0.041,27,83,61,0,0,0,0,0,1,1,0,76,pass
871,6.4,senior_professional,13,43,34,50,40,0.144,29,31,62,0,1,0,0,0,1,1,0,32,fail
872,0.5,fresher,100,100,79,100,100,0.14,129,98,100,0,0,0,0,0,1,1,0,85,pass
873,2.3,junior_professional,58,75,82,83,97,0.037,89,68,68,0,0,0,0,0,1,1,0,70,pass
874,5.5,mid_level_expert,67,98,75,82,100,0.024,49,100,90,0,0,0,0,0,1,1,0,93,pass
875,0.1,fresher,31,37,47,13,26,0.075,130,33,36,0,0,0,0,0,1,1,0,31,fail
876,0.3,fresher,98,100,100,98,95,0.021,103,100,100,0,0,0,0,0,1,1,0,100,pass
877,2.0,junior_professional,47,93,67,56,30,0.158,94,70,39,1,0,0,0,0,1,1,0,65,fail
878,3.8,mid_level_expert,35,61,40,68,52,0.171,65,51,68,1,0,0,0,0,1,1,0,35,fail
879,4.8,mid_level_expert,90,45,69,58,45,0.157,108,51,64,0,0,0,0,0,1,1,0,64,fail
880,0.1,fresher,56,39,29,51,28,0.206,75,17,49,0,0,0,0,0,1,1,0,26,fail
881,2.7,junior_professional,100,90,88,79,95,0.053,44,64,77,0,0,1,0,1,1,1,0,74,fail
882,0.9,fresher,68,61,67,56,69,0.108,98,57,50,0,0,0,0,0,1,1,0,42,fail
883,1.1,junior_professional,96,93,100,78,71,0.126,70,59,93,0,0,0,0,0,1,1,0,91,pass
884,4.2,mid_level_expert,59,81,64,91,79,0.01,57,53,70,1,0,0,0,0,1,0,0,58,fail
885,2.2,junior_professional,49,56,61,69,66,0.078,111,64,69,0,0,0,0,0,1,1,0,53,fail
886,1.6,junior_professional,100,84,93,94,97,0.115,25,90,98,0,0,0,0,0,1,1,0,90,pass
887,0.3,fresher,64,45,42,57,78,0.042,34,56,63,0,0,0,0,0,1,1,0,54,fail
888,6.1,senior_professional,76,40,78,58,65,0.068,55,86,77,0,0,0,0,0,1,1,0,58,fail
889,1.9,junior_professional,62,70,51,85,53,0.118,100,47,82,0,0,0,0,0,1,1,0,57,fail
890,3.9,mid_level_expert,84,66,77,86,96,0.118,59,69,69,0,0,0,0,0,1,1,0,71,pass
891,0.1,fresher,56,78,34,43,36,0.071,91,72,65,0,0,0,0,0,1,1,0,51,fail
892,2.5,junior_professional,72,44,75,61,82,0.155,93,59,76,0,0,0,0,0,1,1,0,63,fail
893,1.7,junior_professional,43,35,15,33,33,0.162,97,32,14,0,0,0,0,0,1,1,0,16,fail
894,13.6,industry_veteran,100,93,100,100,100,0.071,120,93,86,0,0,0,0,0,1,1,0,100,pass
895,0.5,fresher,76,83,98,96,100,0.081,101,79,94,0,0,0,0,0,1,1,0,71,pass
896,1.5,junior_professional,74,61,60,55,57,0.192,81,50,74,0,0,0,0,0,1,1,0,65,fail
897,1.4,junior_professional,55,45,43,58,52,0.199,43,47,45,0,0,0,0,0,1,1,0,36,fail
898,0.4,fresher,100,85,77,76,80,0.133,80,88,77,0,0,0,0,0,1,1,0,75,pass
899,0.7,fresher,85,70,95,87,100,0.151,69,96,88,0,0,0,0,0,1,1,0,79,pass
900,11.7,industry_veteran,84,59,77,79,50,0.025,30,88,54,0,0,0,0,1,1,1,0,49,fail
901,2.5,junior_professional,74,46,60,80,70,0.135,48,60,45,0,0,0,0,0,1,1,0,60,fail
902,0.5,fresher,74,87,55,51,68,0.103,67,66,64,0,0,0,0,0,1,1,0,44,fail
903,0.3,fresher,54,75,72,83,73,0.141,106,77,79,0,0,0,0,0,1,1,0,61,fail
904,7.1,senior_professional,0,24,24,34,20,0.195,110,44,20,0,0,0,0,0,1,1,0,3,fail
905,4.5,mid_level_expert,59,58,60,84,63,0.127,96,64,57,0,0,0,0,0,1,1,0,55,fail
906,4.8,mid_level_expert,62,63,79,71,50,0.166,103,64,57,0,0,0,1,0,1,1,0,55,fail
907,5.0,mid_level_expert,100,74,81,74,83,0.087,55,65,88,0,0,0,0,0,1,1,0,78,pass
908,2.8,junior_professional,82,74,53,67,70,0.171,73,67,68,0,0,0,0,0,1,1,0,62,fail
909,3.9,mid_level_expert,100,72,100,100,100,0.091,95,93,100,1,0,0,0,0,1,1,0,88,fail
910,0.7,fresher,67,67,39,83,67,0.069,86,68,74,0,0,0,0,0,1,1,0,62,fail
911,9.6,senior_professional,100,100,93,97,98,0.124,76,85,98,0,0,0,0,0,1,1,0,89,pass
912,0.5,fresher,92,94,100,88,87,0.133,72,79,98,0,0,0,0,0,1,1,1,92,fail
913,2.7,junior_professional,83,53,65,60,83,0.109,121,77,64,0,0,0,0,0,1,1,0,39,fail
914,10.5,industry_veteran,50,46,50,96,54,0.22,36,58,58,0,0,0,0,0,1,1,0,43,fail
915,10.1,industry_veteran,83,71,41,90,74,0.123,96,67,94,0,0,0,0,0,1,1,0,65,fail
916,0.3,fresher,54,73,70,65,45,0.198,58,54,44,0,0,0,0,0,1,1,1,38,fail
917,3.0,mid_level_expert,47,42,12,23,16,0.199,91,30,45,0,0,0,0,0,1,1,0,22,fail
918,0.6,fresher,79,77,59,64,82,0.269,35,74,79,0,0,0,0,0,1,1,0,64,fail
919,0.2,fresher,58,72,82,50,51,0.184,83,42,59,0,0,0,0,0,1,1,0,45,fail
920,6.8,senior_professional,77,56,54,78,53,0.133,77,45,72,1,1,0,0,0,1,1,0,65,fail
921,5.5,mid_level_expert,85,50,91,99,86,0.066,116,86,70,0,0,0,0,0,1,1,0,74,pass
922,6.9,senior_professional,81,80,62,65,49,0.125,123,76,63,0,0,1,0,0,1,1,0,76,fail
923,6.5,senior_professional,96,91,99,100,66,0.041,75,80,84,0,0,0,1,0,1,1,0,84,fail
924,14.5,industry_veteran,31,65,46,59,54,0.163,125,60,19,0,0,0,0,0,1,1,0,35,fail
925,5.0,mid_level_expert,72,51,72,85,69,0.169,74,58,57,0,0,0,0,0,1,1,0,60,fail
926,3.5,mid_level_expert,48,43,46,46,38,0.205,87,52,48,0,0,0,0,0,1,1,0,44,fail
927,9.7,senior_professional,54,58,37,53,55,0.092,97,31,56,0,0,0,1,1,1,1,0,39,fail
928,0.6,fresher,47,54,36,68,57,0.169,104,78,59,0,0,0,0,0,1,1,0,38,fail
929,6.2,senior_professional,8,33,10,36,47,0.153,79,36,33,0,0,0,0,0,1,1,0,14,fail
930,3.4,mid_level_expert,68,62,51,73,84,0.201,94,54,89,0,0,0,0,0,1,1,0,58,fail
931,3.2,mid_level_expert,72,64,67,64,67,0.168,85,68,93,0,0,0,1,0,1,1,0,59,fail
932,0.1,fresher,84,76,77,99,79,0.054,49,78,77,0,0,0,0,0,1,1,0,83,pass
933,2.0,junior_professional,87,81,85,91,75,0.139,87,68,100,0,0,0,0,0,1,1,0,78,pass
934,6.0,senior_professional,72,84,52,49,68,0.125,51,42,60,0,0,0,1,0,1,1,0,62,fail
935,9.5,senior_professional,66,88,62,84,64,0.089,37,79,58,0,0,0,0,0,1,1,0,75,pass
936,15.0,industry_veteran,73,87,71,69,74,0.116,68,79,45,0,0,0,0,0,1,1,0,59,fail
937,0.8,fresher,58,82,93,80,57,0.1,41,67,69,1,0,0,0,0,0,1,0,64,fail
938,14.3,industry_veteran,80,86,78,87,70,0.124,97,100,81,0,0,0,0,0,1,1,0,87,pass
939,4.3,mid_level_expert,86,76,100,100,87,0.137,29,100,84,0,0,0,0,0,1,1,0,90,pass
940,1.5,junior_professional,70,74,83,67,58,0.115,93,84,73,0,0,0,0,0,1,1,0,66,pass
941,5.2,mid_level_expert,94,66,97,95,100,0.088,92,84,100,0,0,0,0,0,1,1,0,82,pass
942,0.5,fresher,64,87,42,69,60,0.195,38,59,68,0,0,0,0,0,1,1,0,59,fail
943,1.7,junior_professional,87,67,69,61,96,0.17,110,68,66,0,0,0,0,0,1,0,0,73,fail
944,7.7,senior_professional,64,89,70,94,67,0.034,38,83,74,0,0,0,0,0,1,1,0,61,fail
945,0.8,fresher,59,82,42,77,73,0.1,99,49,58,0,0,0,0,0,1,1,0,57,fail
946,0.2,fresher,93,86,67,65,52,0.088,123,68,60,0,0,0,0,1,1,1,0,70,fail
947,13.6,industry_veteran,74,75,71,77,99,0.141,28,87,88,0,0,0,0,0,1,1,0,76,pass
948,0.1,fresher,60,48,43,36,30,0.072,35,51,39,0,0,0,0,0,1,1,0,29,fail
949,12.1,industry_veteran,100,77,80,100,74,0.196,32,96,100,0,0,0,0,0,1,1,0,75,pass
950,8.9,senior_professional,66,61,66,85,48,0.208,99,74,63,0,0,0,0,1,1,1,0,64,fail
951,0.2,fresher,38,42,56,58,11,0.153,63,54,67,0,0,0,0,0,1,1,0,44,fail
952,7.0,senior_professional,85,70,79,71,67,0.234,102,60,70,0,0,0,0,0,1,1,0,56,fail
953,1.7,junior_professional,87,82,99,100,66,0.066,56,71,71,0,0,0,0,0,1,1,0,75,pass
954,4.9,mid_level_expert,81,65,66,70,82,0.048,89,75,73,0,0,0,0,0,1,1,0,57,fail
955,4.0,mid_level_expert,100,86,100,100,100,0.06,35,100,92,0,1,0,0,0,1,1,0,83,fail
956,7.6,senior_professional,100,100,100,100,100,0.08,90,92,100,0,0,0,0,0,1,1,0,93,pass
957,13.8,industry_veteran,100,95,70,100,100,0.191,94,73,81,0,0,0,0,0,1,1,0,81,pass
958,8.1,senior_professional,77,71,62,78,90,0.178,48,77,85,0,0,0,0,0,1,1,0,61,fail
959,3.4,mid_level_expert,43,52,26,44,63,0.133,79,35,54,1,0,0,0,0,1,1,0,50,fail
960,9.1,senior_professional,65,89,67,82,79,0.086,106,84,71,0,0,0,0,0,1,1,0,72,pass
961,3.4,mid_level_expert,42,55,99,70,40,0.145,130,47,67,0,0,0,0,0,1,1,0,45,fail
962,0.3,fresher,100,100,87,100,100,0.187,59,100,82,0,0,0,0,0,1,0,0,84,fail
963,14.2,industry_veteran,74,68,66,74,52,0.096,26,44,65,0,0,0,0,0,1,1,0,64,fail
964,3.1,mid_level_expert,100,95,100,98,76,0.01,124,92,100,0,0,0,0,0,1,1,0,91,pass
965,5.4,mid_level_expert,33,59,42,30,32,0.173,59,2,10,0,0,0,0,0,1,1,0,27,fail
966,5.6,mid_level_expert,66,62,62,66,48,0.109,73,59,45,0,0,0,0,0,1,1,1,62,fail
967,0.7,fresher,57,67,61,58,46,0.169,130,55,62,0,0,0,0,0,1,1,0,51,fail
968,11.9,industry_veteran,50,21,53,30,53,0.177,112,46,14,0,0,0,0,0,1,1,1,37,fail
969,1.2,junior_professional,92,65,77,86,84,0.139,124,80,69,0,0,0,0,0,1,1,0,78,pass
970,12.1,industry_veteran,73,65,65,95,88,0.01,125,75,72,0,0,0,0,0,1,1,0,69,fail
971,8.7,senior_professional,48,66,81,55,67,0.114,110,76,67,0,0,0,0,0,1,1,0,55,fail
972,7.2,senior_professional,77,67,64,81,71,0.187,82,50,73,0,0,0,0,0,1,1,0,51,fail
973,3.8,mid_level_expert,61,79,92,100,81,0.099,33,100,52,0,0,0,0,0,1,1,0,66,fail
974,1.6,junior_professional,96,42,66,46,59,0.122,28,46,98,0,0,0,0,0,1,1,0,60,fail
975,1.8,junior_professional,79,64,94,90,91,0.141,65,65,95,0,0,0,0,0,1,1,0,69,fail
976,5.2,mid_level_expert,65,56,30,53,46,0.058,128,53,67,0,0,0,0,0,1,1,0,47,fail
977,0.6,fresher,81,82,81,96,99,0.121,70,97,95,0,0,0,0,0,1,1,0,95,pass
978,12.1,industry_veteran,100,100,100,100,100,0.103,112,88,100,0,0,0,0,0,1,1,0,96,pass
979,8.6,senior_professional,70,98,82,95,86,0.124,114,83,85,0,0,0,0,0,0,1,0,89,fail
980,1.1,junior_professional,16,52,45,46,14,0.098,100,52,43,0,0,0,0,0,1,1,1,30,fail
981,7.2,senior_professional,42,23,47,56,39,0.192,41,49,47,0,0,0,0,0,1,1,0,30,fail
982,10.3,industry_veteran,99,83,100,85,78,0.028,106,86,77,0,0,0,0,0,1,1,0,90,pass
983,2.2,junior_professional,38,71,62,85,52,0.01,103,87,90,0,0,0,1,0,1,1,0,61,fail
984,0.8,fresher,57,62,30,34,70,0.172,52,40,43,0,0,0,0,0,1,1,0,33,fail
985,2.6,junior_professional,52,67,36,53,41,0.21,31,46,72,0,0,0,0,0,1,1,0,44,fail
986,2.4,junior_professional,55,54,38,53,31,0.087,78,36,46,0,0,0,0,0,1,1,0,33,fail
987,1.6,junior_professional,41,66,73,54,59,0.095,81,44,22,0,0,0,0,0,1,1,0,43,fail
988,0.1,fresher,63,60,57,57,66,0.111,44,45,72,0,0,0,0,0,1,1,0,68,fail
989,10.5,industry_veteran,62,60,58,63,74,0.163,63,66,80,0,0,0,0,0,1,1,0,55,fail
990,0.4,fresher,66,76,70,67,66,0.166,50,47,97,0,0,0,0,0,1,1,0,64,fail
991,13.1,industry_veteran,72,43,69,76,62,0.129,75,62,68,0,0,0,1,0,1,1,0,65,fail
992,5.2,mid_level_expert,28,18,20,30,28,0.166,81,31,19,0,0,0,0,0,1,1,0,20,fail
993,9.7,senior_professional,56,39,49,83,39,0.101,84,77,37,0,0,0,0,1,1,1,0,44,fail
994,9.0,senior_professional,98,73,70,65,80,0.072,26,67,70,0,1,0,0,0,1,1,0,78,fail
995,0.7,fresher,82,60,63,66,74,0.01,53,82,74,0,0,0,0,0,1,1,0,74,pass
996,0.3,fresher,51,60,72,71,81,0.124,51,62,56,0,0,0,0,1,1,1,1,60,fail
997,6.5,senior_professional,75,67,85,83,76,0.13,90,52,77,0,0,0,0,0,1,1,0,62,fail
998,3.2,mid_level_expert,82,89,83,96,89,0.075,49,94,99,0,0,0,0,0,1,1,0,76,pass
999,8.6,senior_professional,52,90,81,81,95,0.042,33,65,81,1,0,0,0,0,1,1,0,73,fail
1000,1.8,junior_professional,67,100,100,90,99,0.131,94,87,100,0,0,0,0,0,1,1,0,72,pass
1001,1.3,junior_professional,25,58,71,52,51,0.158,69,39,46,0,0,0,0,0,1,1,0,36,fail
1002,2.4,junior_professional,91,74,76,73,71,0.098,127,87,74,0,0,0,0,0,1,1,0,74,pass
1003,14.3,industry_veteran,93,80,100,100,100,0.188,77,85,100,0,0,0,0,0,1,1,0,88,pass
1004,8.4,senior_professional,98,85,63,84,62,0.099,71,68,79,0,0,0,0,0,1,1,0,78,pass
1005,0.3,fresher,42,65,75,79,78,0.165,36,70,62,0,0,0,0,0,1,1,0,50,fail
1006,13.7,industry_veteran,83,76,69,64,85,0.116,126,77,100,0,0,0,0,0,1,1,0,75,pass
1007,8.3,senior_professional,39,64,55,73,64,0.1,125,71,89,0,0,0,1,0,1,1,0,59,fail
1008,0.3,fresher,100,100,100,100,100,0.049,95,100,100,0,0,0,0,0,1,1,0,91,pass
1009,7.3,senior_professional,94,44,68,74,67,0.121,66,89,76,0,0,0,0,0,1,1,0,62,fail
1010,4.0,mid_level_expert,82,94,80,80,69,0.054,121,83,83,0,1,0,0,0,1,1,0,85,fail
1011,0.8,fresher,79,56,60,45,65,0.103,36,61,51,0,0,0,0,0,1,1,0,70,pass
1012,0.3,fresher,62,45,68,62,57,0.05,82,68,20,0,0,0,0,0,1,1,0,61,fail
1013,14.1,industry_veteran,57,53,40,64,63,0.125,63,76,64,0,0,0,0,0,1,1,0,53,fail
1014,9.4,senior_professional,88,84,81,78,64,0.11,82,60,55,0,0,0,0,0,1,1,0,74,pass
1015,2.2,junior_professional,52,44,51,38,47,0.048,120,24,36,0,0,0,0,0,1,1,0,41,fail
1016,0.2,fresher,84,67,76,73,59,0.176,49,64,83,0,0,0,0,0,1,1,0,60,fail
1017,14.6,industry_veteran,32,55,44,53,33,0.143,50,64,51,0,0,0,0,0,1,1,1,31,fail
1018,0.6,fresher,71,76,66,75,93,0.051,101,53,77,0,0,0,0,0,0,1,0,77,fail
1019,8.3,senior_professional,54,43,54,64,93,0.205,88,31,40,0,0,0,0,0,1,1,0,31,fail
1020,10.7,industry_veteran,43,37,34,44,39,0.161,70,56,62,0,0,0,0,0,1,1,0,33,fail
1021,10.4,industry_veteran,68,75,79,72,84,0.175,93,57,81,0,0,0,0,0,1,1,0,58,fail
1022,12.7,industry_veteran,100,100,96,99,78,0.061,31,90,95,0,0,0,0,0,1,1,0,84,pass
1023,11.2,industry_veteran,91,75,100,82,90,0.103,68,74,67,0,0,0,0,0,1,1,0,86,pass
1024,12.5,industry_veteran,85,92,90,88,85,0.123,43,74,86,0,0,0,0,0,1,1,0,80,pass
1025,1.8,junior_professional,64,71,64,65,71,0.163,63,63,58,0,0,0,0,0,1,1,0,56,fail
1026,1.3,junior_professional,35,41,42,29,44,0.115,115,61,26,0,0,0,0,0,1,1,0,52,fail
1027,11.6,industry_veteran,69,97,78,84,79,0.099,31,86,59,0,0,0,0,0,1,1,0,69,fail
1028,9.9,senior_professional,72,100,68,100,100,0.052,70,82,100,0,0,0,0,0,1,1,0,75,pass
1029,1.3,junior_professional,45,59,60,83,85,0.01,53,55,74,0,0,0,0,0,1,1,0,59,fail
1030,0.3,fresher,100,55,63,89,89,0.049,126,66,98,0,0,0,0,0,1,1,0,87,pass
1031,6.8,senior_professional,91,100,90,96,94,0.045,68,98,84,0,0,0,0,0,1,1,0,87,pass
1032,4.6,mid_level_expert,66,67,98,86,83,0.183,100,88,84,0,0,0,0,0,1,1,0,52,fail
1033,0.8,fresher,84,89,79,100,100,0.065,36,100,100,0,0,0,0,0,1,0,0,87,fail
1034,0.7,fresher,30,57,56,47,53,0.174,90,47,42,0,0,0,0,0,1,1,0,43,fail
1035,4.6,mid_level_expert,100,92,89,96,95,0.08,97,88,100,0,0,0,0,0,1,1,0,93,pass
1036,3.1,mid_level_expert,63,74,94,96,67,0.055,124,86,87,0,0,0,0,0,1,1,0,74,pass
1037,8.9,senior_professional,58,68,88,83,81,0.119,74,78,88,0,0,0,0,0,1,1,0,70,pass
1038,11.3,industry_veteran,80,73,71,69,73,0.038,124,71,100,0,0,0,0,0,1,1,0,80,pass
1039,6.6,senior_professional,88,89,97,78,81,0.045,124,77,86,0,0,0,0,0,1,1,0,91,pass
1040,1.1,junior_professional,55,32,59,76,84,0.139,111,60,56,0,0,0,0,0,1,1,0,50,fail
1041,2.2,junior_professional,30,43,45,50,44,0.138,127,35,51,1,0,0,0,0,1,0,0,32,fail
1042,4.7,mid_level_expert,55,79,57,93,55,0.01,30,80,44,0,0,0,0,0,1,1,0,58,fail
1043,12.8,industry_veteran,46,87,77,97,75,0.046,66,80,73,0,0,0,0,0,1,1,0,63,fail
1044,0.5,fresher,36,58,48,54,89,0.137,49,48,57,0,0,0,0,0,1,1,0,51,fail
1045,1.8,junior_professional,57,50,86,46,51,0.178,44,65,42,1,0,0,0,0,1,1,0,44,fail
1046,13.3,industry_veteran,91,90,76,68,72,0.106,46,77,90,0,0,0,0,0,1,1,0,80,pass
1047,11.3,industry_veteran,81,87,73,81,76,0.14,118,71,90,0,0,0,0,0,1,1,0,80,pass
1048,6.6,senior_professional,64,79,90,96,55,0.17,59,75,72,0,0,0,0,0,1,1,1,49,fail
1049,7.8,senior_professional,71,100,79,73,100,0.012,119,68,100,1,0,0,0,0,1,1,0,69,fail
1050,8.5,senior_professional,79,65,80,100,74,0.138,28,95,80,0,0,0,0,0,1,1,0,54,fail
1051,10.7,industry_veteran,71,68,57,88,56,0.069,99,43,73,0,0,0,0,0,1,1,0,61,fail
1052,1.1,junior_professional,100,90,80,82,100,0.2,98,69,94,0,0,0,0,0,1,1,0,82,pass
1053,0.4,fresher,59,61,56,58,64,0.042,106,71,85,0,0,0,0,0,1,1,0,42,fail
1054,9.6,senior_professional,100,96,97,100,93,0.068,42,100,100,0,1,0,0,0,1,1,0,89,fail
1055,5.5,mid_level_expert,36,27,61,42,22,0.193,83,42,58,0,0,0,0,0,1,1,0,25,fail
1056,14.2,industry_veteran,36,70,29,59,44,0.1,114,68,37,0,0,0,0,0,1,1,0,46,fail
1057,10.1,industry_veteran,67,73,62,63,69,0.076,26,39,43,0,0,0,0,1,1,1,0,38,fail
1058,1.8,junior_professional,73,79,69,68,62,0.217,109,61,84,0,0,0,0,0,1,1,0,56,fail
1059,10.1,industry_veteran,100,100,100,100,100,0.129,121,77,73,0,0,0,0,0,1,1,0,78,pass
1060,1.6,junior_professional,69,61,82,96,94,0.095,109,99,83,0,0,0,0,0,1,1,0,76,pass
1061,2.3,junior_professional,49,35,47,22,42,0.091,116,35,64,0,0,0,0,0,1,1,0,38,fail
1062,3.3,mid_level_expert,47,46,59,51,77,0.136,32,30,62,0,0,0,0,0,1,1,0,43,fail
1063,0.8,fresher,99,100,98,100,95,0.148,41,82,93,0,0,0,0,0,1,1,0,84,pass
1064,3.9,mid_level_expert,78,100,98,87,90,0.122,127,91,93,0,0,0,0,0,1,1,0,78,pass
1065,1.6,junior_professional,62,45,76,76,41,0.153,48,38,66,0,0,0,0,0,1,1,0,53,fail
1066,0.1,fresher,76,83,80,92,69,0.064,115,84,67,0,0,0,0,0,1,1,0,72,pass
1067,8.1,senior_professional,93,94,97,71,100,0.103,53,78,78,0,0,0,0,0,1,1,0,79,pass
1068,5.4,mid_level_expert,61,63,45,57,54,0.115,73,68,50,0,0,0,0,0,1,1,0,44,fail
1069,1.6,junior_professional,58,53,61,93,80,0.01,113,86,57,0,0,0,0,0,1,1,0,64,fail
1070,7.2,senior_professional,77,45,53,35,51,0.088,103,50,22,0,0,0,0,0,1,1,0,40,fail
1071,14.9,industry_veteran,40,52,69,57,77,0.165,102,57,66,0,0,0,0,0,1,1,0,56,fail
1072,2.5,junior_professional,15,31,12,49,11,0.08,41,30,47,0,0,0,0,0,1,1,0,25,fail
1073,6.9,senior_professional,56,100,44,55,56,0.18,28,57,77,0,0,0,0,0,1,1,0,63,fail
1074,1.9,junior_professional,100,98,90,100,95,0.03,90,100,88,0,0,0,0,0,1,1,0,92,pass
1075,1.5,junior_professional,98,90,87,100,100,0.03,66,100,100,0,0,0,0,0,1,1,0,89,pass
1076,5.4,mid_level_expert,79,74,100,100,90,0.01,27,100,100,0,0,0,0,0,1,1,0,89,pass
1077,12.4,industry_veteran,58,70,100,87,64,0.165,28,82,38,0,0,0,0,0,1,1,0,63,fail
1078,3.4,mid_level_expert,96,80,92,100,56,0.123,47,83,74,0,0,0,0,0,1,1,0,87,pass
1079,10.9,industry_veteran,49,43,59,47,54,0.156,46,53,66,0,0,0,0,0,1,1,0,44,fail
1080,6.6,senior_professional,100,100,92,97,88,0.147,69,86,79,0,0,0,0,0,1,1,0,80,pass
1081,7.7,senior_professional,85,77,81,98,83,0.133,67,70,73,0,0,0,0,0,1,1,1,76,fail
1082,9.8,senior_professional,97,81,65,94,88,0.058,52,88,65,0,0,0,0,0,1,1,0,72,fail
1083,2.1,junior_professional,98,98,91,100,100,0.063,26,96,100,0,0,0,0,0,1,1,0,86,pass
1084,11.6,industry_veteran,64,39,60,74,59,0.148,54,49,32,0,0,0,1,0,1,1,0,53,fail
1085,1.5,junior_professional,74,90,81,83,72,0.068,38,59,70,0,0,0,0,0,1,1,0,75,pass
1086,6.6,senior_professional,60,74,64,57,49,0.121,76,53,62,0,0,1,0,0,0,1,0,47,fail
1087,14.0,industry_veteran,95,83,85,74,68,0.129,119,79,53,0,0,0,0,0,1,1,0,68,fail
1088,12.5,industry_veteran,50,59,50,43,73,0.184,57,35,22,0,0,0,0,0,1,1,0,29,fail
1089,0.1,fresher,95,82,81,73,66,0.15,68,73,65,0,0,0,0,0,1,1,0,67,fail
1090,13.0,industry_veteran,70,76,50,70,51,0.105,61,60,56,0,0,0,0,0,1,1,0,59,fail
1091,2.2,junior_professional,78,100,80,83,92,0.094,101,90,100,0,0,0,0,1,1,1,0,69,fail
1092,9.4,senior_professional,100,94,100,100,100,0.022,26,100,79,1,0,0,0,0,1,1,0,100,fail
1093,2.4,junior_professional,75,78,65,89,96,0.122,69,99,74,0,0,0,0,0,1,1,0,70,pass
1094,4.3,mid_level_expert,71,58,47,77,60,0.103,67,54,61,0,0,0,0,0,1,1,0,58,fail
1095,0.7,fresher,84,76,100,78,91,0.073,103,87,72,0,1,0,0,0,1,1,0,68,fail
1096,11.5,industry_veteran,100,69,70,99,62,0.01,30,88,81,0,0,0,0,0,1,1,0,77,pass
1097,5.1,mid_level_expert,70,64,65,60,55,0.095,80,60,91,0,0,0,0,0,1,1,0,57,fail
1098,0.8,fresher,53,33,58,40,38,0.203,99,39,29,0,0,0,0,0,1,1,0,37,fail
1099,0.0,fresher,93,91,78,83,93,0.216,59,100,63,0,0,0,0,0,1,1,0,66,fail
1100,3.2,mid_level_expert,83,90,92,100,100,0.107,49,94,100,0,0,0,0,0,0,1,0,78,fail
1101,1.5,junior_professional,66,61,48,78,59,0.167,43,46,46,0,0,0,0,0,1,1,0,57,fail
1102,9.8,senior_professional,83,83,65,81,72,0.057,38,74,75,0,0,0,0,0,1,1,0,78,pass
1103,0.5,fresher,84,81,87,100,100,0.088,50,77,100,0,0,0,0,0,1,1,1,77,fail
1104,4.5,mid_level_expert,72,58,78,63,71,0.092,118,71,86,0,0,0,0,0,1,1,0,69,fail
1105,12.5,industry_veteran,69,84,93,100,71,0.171,94,76,93,0,0,0,0,0,1,1,0,73,pass
1106,4.8,mid_level_expert,39,41,57,62,52,0.123,107,42,70,0,0,0,0,0,1,1,1,45,fail
1107,1.4,junior_professional,17,57,32,61,50,0.223,71,25,45,1,0,0,0,0,1,1,0,22,fail
1108,13.1,industry_veteran,89,71,85,71,65,0.128,52,88,76,0,0,0,0,0,1,1,0,75,pass
1109,0.6,fresher,50,59,75,59,46,0.1,103,46,59,0,0,0,0,0,1,1,0,40,fail
1110,4.9,mid_level_expert,67,99,81,87,71,0.076,83,76,75,0,0,0,0,0,1,1,0,61,fail
1111,9.9,senior_professional,90,74,77,88,85,0.12,56,68,83,0,0,0,0,0,1,1,0,76,pass
1112,4.1,mid_level_expert,83,78,78,87,68,0.131,114,69,79,0,0,0,0,0,1,1,0,74,pass
1113,12.2,industry_veteran,76,54,92,68,75,0.149,32,94,95,0,0,0,0,0,1,1,0,53,fail
1114,4.6,mid_level_expert,51,44,61,68,30,0.123,69,48,59,0,0,0,0,0,1,1,0,56,fail
1115,0.7,fresher,67,69,57,77,33,0.02,84,69,90,0,0,0,0,0,1,1,0,52,fail
1116,1.7,junior_professional,100,100,76,100,100,0.164,57,100,84,0,0,0,0,0,1,1,0,83,pass
1117,0.3,fresher,80,91,79,69,86,0.152,40,81,74,0,0,0,0,0,1,1,0,88,pass
1118,1.0,junior_professional,64,79,71,100,83,0.097,107,88,93,0,0,0,0,0,1,1,0,69,fail
1119,4.0,mid_level_expert,100,95,73,79,80,0.198,49,99,100,0,0,0,0,0,1,1,0,75,pass
1120,4.4,mid_level_expert,47,40,42,59,44,0.177,91,61,38,0,0,0,0,0,1,1,0,34,fail
1121,12.2,industry_veteran,49,61,76,100,68,0.06,116,72,81,0,0,0,0,0,1,1,0,57,fail
1122,9.3,senior_professional,69,63,43,63,76,0.203,76,76,87,0,0,0,0,0,1,0,0,49,fail
1123,0.5,fresher,70,71,78,76,78,0.043,127,70,91,0,0,0,0,0,1,1,0,63,fail
1124,5.5,mid_level_expert,86,88,75,92,89,0.175,80,100,89,0,0,0,0,0,1,1,0,77,pass
1125,9.5,senior_professional,69,68,47,44,43,0.117,128,54,33,0,0,0,0,0,1,1,0,58,fail
1126,14.7,industry_veteran,54,14,26,73,60,0.078,29,37,23,0,1,0,0,0,1,1,0,38,fail
1127,4.5,mid_level_expert,100,100,76,97,87,0.063,109,100,79,0,0,0,0,0,1,1,0,81,pass
1128,7.6,senior_professional,100,89,90,100,100,0.086,40,100,100,0,0,0,0,0,1,1,0,98,pass
1129,3.9,mid_level_expert,96,91,58,97,84,0.119,87,69,70,0,0,0,0,0,1,1,0,58,fail
1130,0.3,fresher,28,21,19,27,10,0.148,98,42,0,0,0,0,0,1,1,1,0,10,fail
1131,1.8,junior_professional,84,56,26,66,42,0.214,63,68,65,0,0,0,0,0,1,1,0,52,fail
1132,0.8,fresher,81,70,62,86,54,0.182,60,69,62,0,0,0,1,0,1,1,0,55,fail
1133,9.9,senior_professional,62,69,89,65,63,0.161,84,52,54,0,0,0,0,0,1,1,0,57,fail
1134,8.6,senior_professional,70,92,46,100,84,0.106,54,65,75,0,0,0,0,0,1,1,0,70,pass
1135,4.0,mid_level_expert,98,59,64,62,60,0.127,39,63,52,0,0,0,0,0,1,1,0,64,fail
1136,0.8,fresher,67,42,70,75,97,0.069,111,72,85,0,0,0,0,0,1,1,0,71,pass
1137,6.9,senior_professional,58,78,83,82,99,0.148,122,64,91,0,0,0,0,0,1,1,0,65,fail
1138,0.1,fresher,97,69,71,74,55,0.085,46,80,80,0,0,0,0,0,1,1,0,85,pass
1139,0.0,fresher,74,57,100,95,88,0.027,118,76,85,0,0,0,1,0,1,1,0,72,fail
1140,0.8,fresher,26,42,51,29,48,0.128,72,41,48,0,0,0,0,0,1,1,0,36,fail
1141,1.1,junior_professional,28,16,17,35,17,0.186,100,56,37,0,0,0,0,0,1,1,0,24,fail
1142,9.3,senior_professional,56,100,97,75,44,0.21,49,73,31,1,0,0,0,0,1,1,0,41,fail
1143,8.2,senior_professional,91,100,100,81,98,0.07,42,100,98,0,0,0,0,0,1,1,0,95,pass
1144,9.4,senior_professional,100,92,100,95,87,0.059,116,100,100,0,0,1,0,0,1,1,0,85,fail
1145,2.8,junior_professional,100,82,83,83,100,0.211,65,100,84,0,0,0,0,0,1,1,0,75,pass
1146,1.1,junior_professional,81,94,74,96,79,0.074,40,67,61,0,0,0,0,0,1,1,1,77,fail
1147,0.7,fresher,61,82,82,81,68,0.139,101,83,78,0,0,0,0,0,1,1,0,56,fail
1148,0.2,fresher,65,47,60,53,51,0.213,85,63,55,0,0,0,0,0,1,1,0,54,fail
1149,3.7,mid_level_expert,73,71,63,80,57,0.084,94,87,48,0,0,0,0,0,1,1,0,54,fail
1150,13.2,industry_veteran,33,29,53,63,50,0.182,120,33,43,0,0,0,0,0,1,1,0,28,fail
1151,11.8,industry_veteran,81,72,86,87,91,0.099,125,98,88,0,0,0,0,0,1,1,0,79,pass
1152,3.2,mid_level_expert,41,82,47,67,43,0.223,57,59,60,0,0,0,0,0,1,1,0,43,fail
1153,8.6,senior_professional,85,70,92,48,73,0.191,108,34,66,0,0,0,0,0,1,1,0,72,pass
1154,2.4,junior_professional,98,84,95,100,89,0.144,61,99,82,0,0,0,0,0,1,1,0,89,pass
1155,4.1,mid_level_expert,56,75,77,77,64,0.14,97,80,52,0,0,0,0,0,0,1,0,59,fail
1156,0.3,fresher,85,56,72,65,70,0.203,41,73,50,0,0,0,0,0,1,1,0,62,fail
1157,12.6,industry_veteran,68,76,100,88,68,0.127,109,71,89,0,0,0,0,0,1,1,0,72,pass
1158,11.7,industry_veteran,51,65,50,48,75,0.147,84,61,44,0,0,0,0,0,1,1,0,47,fail
1159,3.4,mid_level_expert,56,64,48,74,61,0.109,104,41,58,0,0,0,0,0,1,1,0,29,fail
1160,13.3,industry_veteran,79,94,79,92,81,0.026,53,75,71,0,0,0,0,0,1,1,0,84,pass
1161,8.3,senior_professional,88,74,49,86,66,0.095,114,80,56,0,0,0,0,0,1,1,0,66,fail
1162,1.6,junior_professional,39,94,68,73,80,0.033,102,72,78,0,0,0,0,0,1,1,0,62,fail
1163,0.4,fresher,40,63,87,51,62,0.163,55,41,67,0,0,0,0,0,1,1,0,50,fail
1164,5.2,mid_level_expert,55,36,46,82,75,0.089,54,63,66,0,0,0,0,0,1,0,0,58,fail
1165,2.3,junior_professional,62,78,54,73,89,0.036,113,61,83,0,0,0,0,0,1,1,0,58,fail
1166,7.9,senior_professional,80,92,76,90,95,0.072,29,71,59,1,0,0,0,0,1,1,0,84,fail
1167,8.4,senior_professional,65,89,72,100,100,0.01,28,88,53,0,0,0,0,0,1,1,0,74,pass
1168,2.8,junior_professional,61,55,38,33,60,0.181,62,70,39,0,0,0,0,0,1,1,0,62,fail
1169,7.7,senior_professional,63,64,74,65,83,0.068,58,61,65,0,0,0,0,0,1,1,0,59,fail
1170,8.2,senior_professional,65,83,55,93,67,0.117,80,100,98,0,0,0,0,0,1,1,0,58,fail
1171,2.6,junior_professional,56,53,54,87,63,0.113,88,57,55,0,0,0,0,0,1,1,0,55,fail
1172,0.4,fresher,38,62,67,43,43,0.2,27,61,81,1,0,0,0,0,1,1,0,39,fail
1173,5.1,mid_level_expert,87,63,63,72,79,0.078,95,60,62,0,0,0,0,0,1,1,0,68,fail
1174,4.2,mid_level_expert,69,69,37,54,72,0.141,49,59,56,0,0,0,0,0,1,1,0,57,fail
1175,12.6,industry_veteran,84,72,92,68,97,0.082,117,69,87,0,0,0,0,0,1,1,0,71,pass
1176,2.9,junior_professional,88,78,68,92,81,0.145,47,59,37,0,0,0,0,0,1,1,0,76,pass
1177,0.6,fresher,74,86,57,67,64,0.222,61,68,76,0,0,0,0,0,1,1,0,73,fail
1178,13.1,industry_veteran,91,77,63,74,77,0.117,100,70,55,0,0,0,0,0,1,1,0,75,fail
1179,14.0,industry_veteran,24,28,26,20,25,0.087,105,22,18,0,0,1,0,0,1,1,0,19,fail
1180,0.3,fresher,61,66,32,74,56,0.046,80,38,46,0,0,0,0,0,1,1,0,40,fail
1181,12.1,industry_veteran,100,67,84,78,77,0.156,128,81,47,0,0,0,0,0,1,1,0,70,pass
1182,9.2,senior_professional,52,65,49,65,57,0.088,26,68,56,0,0,0,0,1,1,1,0,54,fail
1183,3.1,mid_level_expert,46,26,53,47,55,0.199,102,40,33,0,0,0,0,0,1,1,0,38,fail
1184,10.2,industry_veteran,78,84,90,81,63,0.12,39,82,92,0,0,0,0,0,1,1,0,74,pass
1185,0.5,fresher,72,61,79,83,47,0.166,50,78,96,0,0,0,0,0,1,1,0,70,pass
1186,2.8,junior_professional,46,48,52,53,38,0.075,47,53,67,0,0,1,0,0,1,1,0,46,fail
1187,4.3,mid_level_expert,81,75,86,87,74,0.169,97,92,87,0,0,0,0,0,1,1,0,71,pass
1188,0.2,fresher,58,60,79,64,62,0.158,65,86,44,0,0,0,0,0,1,1,0,54,fail
1189,0.8,fresher,44,35,39,46,54,0.08,82,58,23,0,0,0,0,0,1,1,0,40,fail
1190,5.3,mid_level_expert,91,63,95,85,92,0.075,54,72,63,0,0,0,0,0,1,1,0,73,pass
1191,0.6,fresher,60,59,88,47,53,0.176,64,59,64,0,0,0,0,0,1,1,0,58,fail
1192,7.8,senior_professional,61,52,22,29,61,0.099,33,59,55,0,0,0,0,0,1,1,0,42,fail
1193,11.9,industry_veteran,51,43,60,85,50,0.063,62,72,44,0,0,0,0,0,1,1,0,57,fail
1194,1.7,junior_professional,70,90,94,73,91,0.144,130,63,61,0,0,0,0,0,1,1,0,58,fail
1195,1.0,junior_professional,78,94,96,76,91,0.102,97,64,68,0,0,0,0,0,1,1,0,77,pass
1196,0.1,fresher,49,88,37,67,66,0.103,91,43,82,0,0,0,0,1,1,1,0,55,fail
1197,7.2,senior_professional,53,30,34,70,48,0.138,123,16,44,0,0,0,0,0,1,1,0,36,fail
1198,2.5,junior_professional,9,36,25,42,43,0.25,50,41,56,1,0,0,0,0,1,1,0,10,fail
1199,1.1,junior_professional,54,69,58,30,57,0.151,79,74,40,0,0,0,0,0,1,1,0,34,fail
1200,2.6,junior_professional,59,50,38,44,27,0.165,114,58,35,0,0,0,0,0,1,1,0,33,fail
1201,8.8,senior_professional,91,81,89,90,52,0.133,29,50,89,0,0,0,0,0,1,1,0,79,pass
1202,2.4,junior_professional,84,85,100,72,100,0.091,82,99,86,0,0,0,0,0,0,1,0,82,fail
1203,13.5,industry_veteran,63,69,49,95,57,0.049,78,58,87,0,0,0,0,0,1,1,0,75,pass
1204,11.2,industry_veteran,80,72,63,67,75,0.103,60,82,88,0,0,0,0,0,1,1,0,65,fail
1205,0.6,fresher,100,100,100,83,90,0.073,83,91,100,0,0,0,0,0,1,1,0,83,pass
1206,3.4,mid_level_expert,97,86,65,92,100,0.092,81,72,68,0,0,0,0,0,0,1,0,83,fail
1207,9.5,senior_professional,84,100,89,100,76,0.023,101,70,80,0,0,0,0,0,1,1,0,85,pass
1208,0.6,fresher,39,62,64,58,64,0.088,118,68,85,0,0,0,0,0,1,1,0,54,fail
1209,4.4,mid_level_expert,72,64,57,53,89,0.246,114,65,60,0,0,1,0,0,1,1,0,55,fail
1210,0.6,fresher,100,49,65,54,66,0.143,35,66,61,0,1,0,0,0,1,1,0,60,fail
1211,4.0,mid_level_expert,35,27,57,26,39,0.104,35,22,25,0,0,0,0,0,1,1,1,27,fail
1212,0.5,fresher,87,70,78,75,71,0.094,120,98,65,0,0,0,0,0,1,1,0,84,pass
1213,6.8,senior_professional,70,58,53,65,58,0.19,129,70,51,0,1,0,1,0,1,1,0,49,fail
1214,0.2,fresher,100,93,73,99,100,0.01,72,100,82,0,0,1,0,0,1,1,0,92,fail
1215,0.7,fresher,79,54,68,72,83,0.096,56,67,66,0,0,0,0,0,1,1,0,53,fail
1216,4.4,mid_level_expert,96,82,60,59,56,0.128,124,77,56,0,0,0,0,0,1,1,0,56,fail
1217,2.6,junior_professional,67,67,57,65,70,0.082,38,62,71,0,0,0,0,0,1,1,0,62,fail
1218,10.6,industry_veteran,79,92,77,78,69,0.116,86,94,43,0,0,0,0,0,1,1,0,70,pass
1219,4.5,mid_level_expert,43,41,45,54,35,0.092,104,47,50,0,0,0,0,0,1,1,0,42,fail
1220,1.1,junior_professional,57,41,35,45,53,0.122,120,51,71,0,0,0,0,0,1,1,0,37,fail
1221,13.1,industry_veteran,79,57,59,64,31,0.186,30,77,83,0,0,0,0,0,1,1,0,70,pass
1222,8.8,senior_professional,100,87,100,94,86,0.106,90,83,88,0,0,0,0,0,1,1,0,96,pass
1223,11.6,industry_veteran,72,52,47,72,74,0.163,114,77,58,0,0,0,0,0,1,1,0,60,fail
1224,7.9,senior_professional,39,62,71,68,57,0.14,30,90,85,0,0,0,0,0,1,1,0,51,fail
1225,1.0,junior_professional,100,97,100,86,95,0.016,91,100,100,0,0,0,0,0,1,1,0,87,pass
1226,5.4,mid_level_expert,52,64,57,85,78,0.15,92,73,75,0,0,0,0,0,1,1,0,48,fail
1227,2.9,junior_professional,55,91,77,73,89,0.01,33,59,70,1,0,0,0,0,1,1,0,70,fail
1228,2.0,junior_professional,91,61,58,93,77,0.151,126,97,71,0,0,0,0,0,1,1,0,79,pass
1229,0.1,fresher,72,78,40,98,79,0.031,99,73,87,0,0,0,0,0,1,1,0,65,fail
1230,10.9,industry_veteran,80,73,79,79,81,0.066,127,57,91,0,0,0,0,0,1,1,0,72,pass
1231,5.2,mid_level_expert,63,68,75,84,83,0.108,82,77,63,0,0,0,0,0,1,1,0,65,fail
1232,2.4,junior_professional,77,83,59,55,92,0.047,95,75,82,0,0,0,1,0,1,1,0,79,fail
1233,4.0,mid_level_expert,79,72,79,57,79,0.099,36,92,79,0,0,0,0,0,1,1,0,67,fail
1234,5.6,mid_level_expert,100,100,80,94,89,0.147,26,91,76,0,0,0,0,0,1,1,0,87,pass
1235,15.0,industry_veteran,55,24,24,66,54,0.117,110,29,51,0,0,0,0,0,1,1,0,24,fail
1236,0.3,fresher,62,91,100,100,100,0.148,62,100,96,0,0,0,0,0,1,1,0,62,fail
1237,6.7,senior_professional,73,45,46,71,71,0.168,60,52,68,0,0,0,0,0,0,1,0,49,fail
1238,0.5,fresher,70,95,64,68,70,0.213,56,66,79,0,0,0,0,0,1,1,0,61,fail
1239,4.8,mid_level_expert,53,91,67,48,90,0.212,75,79,88,0,0,0,0,0,1,1,0,78,pass
1240,2.7,junior_professional,58,62,65,69,74,0.046,87,66,55,0,0,0,0,0,1,1,0,56,fail
1241,14.1,industry_veteran,100,88,100,82,54,0.046,110,94,87,0,1,0,0,0,1,1,1,78,fail
1242,13.1,industry_veteran,70,67,67,67,52,0.087,56,53,100,0,0,0,0,0,1,1,0,73,pass
1243,5.5,mid_level_expert,90,91,97,100,76,0.01,118,88,97,0,0,0,0,0,1,1,0,96,pass
1244,3.0,mid_level_expert,82,40,55,72,78,0.257,122,86,58,0,0,0,0,0,1,1,0,53,fail
1245,2.8,junior_professional,69,79,76,78,98,0.048,65,75,58,0,0,0,0,0,1,1,0,80,pass
1246,0.5,fresher,60,30,28,54,59,0.084,127,42,27,0,0,0,0,0,1,1,0,50,fail
1247,1.3,junior_professional,54,61,64,43,43,0.194,25,46,53,0,1,0,0,0,1,1,0,57,fail
1248,11.3,industry_veteran,63,62,78,52,67,0.129,73,58,60,0,0,0,0,0,1,1,0,46,fail
1249,1.2,junior_professional,73,72,60,70,56,0.074,47,57,61,0,0,0,0,0,1,1,0,57,fail
1250,0.2,fresher,71,80,90,59,76,0.16,38,65,57,0,0,0,0,0,1,1,0,71,pass
1251,10.5,industry_veteran,65,65,66,67,87,0.106,80,62,63,0,0,0,0,0,1,1,0,61,fail
1252,5.5,mid_level_expert,61,88,57,67,41,0.094,37,63,48,0,0,0,0,0,1,1,0,44,fail
1253,5.4,mid_level_expert,82,94,91,93,90,0.084,70,89,94,0,1,0,0,1,1,1,0,84,fail
1254,0.2,fresher,55,52,69,68,57,0.132,45,72,59,0,0,0,0,0,1,1,0,51,fail
1255,12.0,industry_veteran,73,59,45,78,82,0.01,41,59,86,0,0,0,0,0,1,1,0,60,fail
1256,0.2,fresher,83,64,55,65,75,0.115,95,42,77,0,0,0,0,0,1,1,0,66,fail
1257,1.7,junior_professional,52,82,60,48,67,0.145,124,76,77,0,0,0,0,0,1,1,0,62,fail
1258,7.3,senior_professional,43,57,54,17,36,0.139,97,51,51,0,0,0,0,0,1,1,0,39,fail
1259,12.4,industry_veteran,82,70,33,92,41,0.211,52,77,43,0,0,0,0,0,1,1,0,53,fail
1260,0.4,fresher,100,72,100,100,100,0.079,109,100,100,0,0,0,0,0,1,1,0,81,pass
1261,3.4,mid_level_expert,83,100,77,70,76,0.12,35,96,84,0,0,0,0,0,1,1,0,63,fail
1262,2.3,junior_professional,8,53,64,32,57,0.185,114,64,50,0,0,0,0,0,0,1,0,32,fail
1263,3.2,mid_level_expert,51,65,81,51,53,0.132,58,42,56,0,0,0,0,0,1,1,0,58,fail
1264,0.3,fresher,100,99,100,84,77,0.19,125,94,89,0,0,0,0,0,1,1,0,70,pass
1265,7.5,senior_professional,100,100,87,89,93,0.225,88,78,100,0,0,0,0,0,1,1,0,79,pass
1266,0.3,fresher,74,66,67,79,98,0.045,128,100,72,0,0,0,0,0,1,1,0,63,fail
1267,3.4,mid_level_expert,35,33,30,26,46,0.159,52,38,39,0,1,0,0,0,1,1,0,25,fail
1268,0.7,fresher,88,100,100,100,78,0.046,42,100,94,0,0,0,1,0,1,1,0,93,fail
1269,2.6,junior_professional,70,98,74,67,66,0.156,107,53,85,1,0,0,0,0,1,1,0,68,fail
1270,10.8,industry_veteran,42,67,43,53,58,0.137,36,50,45,0,0,0,0,0,1,1,0,50,fail
1271,7.5,senior_professional,72,69,66,57,74,0.182,37,39,65,0,0,0,0,0,1,1,0,55,fail
1272,12.9,industry_veteran,63,72,62,82,85,0.128,64,78,78,0,0,0,0,0,1,1,0,69,fail
1273,4.1,mid_level_expert,75,66,90,100,66,0.084,107,87,100,0,0,0,0,0,1,1,0,84,pass
1274,0.7,fresher,82,61,58,62,65,0.026,103,49,44,0,0,0,0,0,1,1,0,61,fail
1275,1.7,junior_professional,92,38,61,64,62,0.043,128,79,51,0,0,0,0,0,1,1,0,59,fail
1276,7.2,senior_professional,69,49,82,67,77,0.135,120,74,63,0,0,0,0,0,1,1,0,57,fail
1277,2.8,junior_professional,56,63,59,60,44,0.092,125,42,57,0,0,0,0,0,1,1,0,56,fail
1278,12.5,industry_veteran,73,83,61,64,97,0.019,42,73,88,0,0,0,0,0,1,1,0,70,pass
1279,9.0,senior_professional,72,34,86,60,43,0.099,59,58,70,0,0,0,0,0,1,1,0,50,fail
1280,1.8,junior_professional,43,46,37,47,51,0.139,77,42,30,0,1,0,0,0,1,1,0,47,fail
1281,1.2,junior_professional,52,64,41,54,58,0.084,64,66,65,0,0,0,0,0,1,1,0,58,fail
1282,2.8,junior_professional,99,68,63,78,78,0.164,73,71,59,0,0,0,0,0,1,1,0,62,fail
1283,8.9,senior_professional,38,46,24,29,39,0.037,58,55,48,0,0,0,0,0,1,1,0,46,fail
1284,1.6,junior_professional,100,97,97,100,100,0.029,113,100,99,0,0,0,1,0,1,1,0,95,fail
1285,14.2,industry_veteran,95,82,76,93,71,0.01,98,94,78,0,0,0,0,0,1,1,0,79,pass
1286,0.1,fresher,89,97,96,78,92,0.04,64,84,85,0,0,0,0,0,0,1,0,84,fail
1287,14.1,industry_veteran,100,91,53,71,63,0.134,54,69,80,0,0,0,0,0,1,0,0,68,fail
1288,6.6,senior_professional,78,46,65,47,49,0.046,37,71,53,0,0,0,0,0,1,1,0,52,fail
1289,0.8,fresher,46,42,66,42,50,0.12,113,60,53,0,0,0,0,0,1,1,0,38,fail
1290,8.4,senior_professional,31,39,57,45,50,0.076,105,61,56,0,0,0,0,0,1,1,0,42,fail
1291,11.2,industry_veteran,89,66,52,72,76,0.01,115,81,67,0,0,0,0,0,1,1,0,62,fail
1292,12.0,industry_veteran,82,100,76,95,63,0.108,101,69,44,0,0,1,0,0,1,1,0,66,fail
1293,0.6,fresher,94,80,100,100,56,0.122,33,93,76,0,0,0,0,0,1,1,0,70,fail
1294,0.4,fresher,75,68,35,55,57,0.179,92,63,54,0,1,0,0,0,1,1,0,52,fail
1295,1.3,junior_professional,71,45,63,80,81,0.208,32,65,62,0,0,0,0,0,1,1,0,53,fail
1296,9.6,senior_professional,94,76,78,68,62,0.095,30,90,100,0,0,0,0,0,1,1,0,75,pass
1297,11.2,industry_veteran,73,63,25,74,42,0.108,83,59,53,0,0,0,0,0,1,1,0,52,fail
1298,3.7,mid_level_expert,97,84,100,100,100,0.088,67,83,77,0,1,0,0,0,1,1,0,92,fail
1299,0.7,fresher,100,64,100,73,98,0.132,78,92,86,0,0,0,0,0,1,1,0,74,fail
1300,2.1,junior_professional,62,50,63,77,51,0.142,76,70,63,0,0,0,0,0,1,1,0,50,fail
1301,7.4,senior_professional,48,46,36,43,47,0.198,47,44,33,0,0,0,0,0,1,1,0,40,fail
1302,13.8,industry_veteran,100,51,82,89,85,0.167,71,69,53,0,0,0,0,0,1,1,0,65,fail
1303,2.7,junior_professional,41,72,28,58,36,0.174,101,36,48,0,0,0,0,0,1,1,0,44,fail
1304,4.0,mid_level_expert,92,67,60,75,81,0.01,85,74,26,0,0,0,0,0,1,1,0,67,fail
1305,3.0,mid_level_expert,82,58,80,55,73,0.09,77,73,76,0,0,0,1,0,1,1,0,55,fail
1306,12.6,industry_veteran,72,42,51,81,64,0.169,29,66,70,0,1,0,0,0,1,1,0,53,fail
1307,5.4,mid_level_expert,65,100,74,85,83,0.164,121,71,72,0,0,0,0,0,1,1,0,63,fail
1308,1.9,junior_professional,90,96,81,86,97,0.165,28,83,55,0,0,0,0,0,1,1,0,69,fail
1309,3.7,mid_level_expert,63,43,53,58,63,0.141,31,50,88,0,0,0,0,0,1,1,0,56,fail
1310,10.9,industry_veteran,59,72,30,54,52,0.169,115,53,66,0,0,0,0,0,1,1,0,47,fail
1311,6.4,senior_professional,97,100,100,74,100,0.12,26,100,100,0,0,0,0,0,1,1,0,82,pass
1312,0.2,fresher,77,66,79,86,63,0.148,64,75,79,0,0,0,0,0,1,1,0,79,pass
1313,7.4,senior_professional,85,62,74,83,95,0.153,54,78,74,0,1,0,0,0,1,1,0,67,fail
1314,12.0,industry_veteran,77,100,86,100,94,0.153,33,100,82,0,0,0,0,0,1,1,0,79,pass
1315,11.0,industry_veteran,52,52,36,54,61,0.127,129,35,68,0,0,0,0,0,1,1,0,45,fail
1316,8.5,senior_professional,6,41,23,36,17,0.126,87,27,35,0,0,0,0,0,1,1,0,24,fail
1317,4.4,mid_level_expert,52,78,77,76,67,0.01,91,92,100,0,0,0,0,0,1,1,0,62,fail
1318,1.4,junior_professional,60,70,92,83,72,0.127,28,74,70,0,0,0,0,0,1,1,0,69,fail
1319,0.3,fresher,54,18,46,47,59,0.115,87,49,54,0,0,0,0,0,1,1,0,45,fail
1320,12.5,industry_veteran,58,20,23,53,39,0.175,102,53,44,0,1,0,0,0,1,1,0,28,fail
1321,2.3,junior_professional,84,84,70,94,55,0.039,118,82,61,0,0,0,0,0,1,1,0,81,pass
1322,6.6,senior_professional,22,22,45,27,50,0.189,74,45,26,0,0,0,0,0,1,1,0,7,fail
1323,13.9,industry_veteran,84,62,71,75,95,0.068,46,72,77,0,0,0,0,0,1,1,0,63,fail
1324,7.2,senior_professional,56,74,70,83,67,0.071,118,68,81,0,0,0,0,0,1,1,0,52,fail
1325,11.9,industry_veteran,73,53,62,57,49,0.01,109,39,66,0,0,0,0,0,1,1,0,67,fail
1326,6.7,senior_professional,88,62,96,100,70,0.166,109,78,75,0,0,0,0,0,1,1,0,61,fail
1327,0.1,fresher,91,100,100,97,100,0.125,90,97,96,0,0,0,0,0,1,1,0,87,pass
1328,13.4,industry_veteran,76,65,100,73,85,0.121,77,99,57,0,0,0,0,0,1,1,0,70,pass
1329,0.8,fresher,100,73,75,87,79,0.096,59,80,100,0,0,0,0,0,1,1,0,74,pass
1330,5.5,mid_level_expert,80,91,90,81,64,0.058,34,85,84,0,0,0,0,0,1,1,0,87,pass
1331,3.1,mid_level_expert,60,54,47,76,37,0.155,32,46,46,1,0,0,0,0,1,1,0,50,fail
1332,6.5,senior_professional,51,61,76,65,65,0.104,61,72,56,0,0,0,0,0,1,1,0,59,fail
1333,2.8,junior_professional,59,77,68,61,54,0.126,129,79,49,0,0,0,0,0,1,1,0,54,fail
1334,10.1,industry_veteran,73,96,71,66,70,0.225,75,51,64,0,0,0,0,0,1,1,0,66,fail
1335,5.4,mid_level_expert,95,90,67,100,54,0.01,81,81,48,0,0,0,0,0,1,1,0,85,pass
1336,0.6,fresher,53,79,33,65,47,0.23,115,59,85,0,0,0,0,0,1,1,0,51,fail
1337,8.9,senior_professional,39,46,64,55,70,0.095,109,82,48,0,0,0,0,0,1,1,0,38,fail
1338,4.1,mid_level_expert,45,49,49,62,53,0.144,123,48,49,0,0,0,0,0,1,1,0,41,fail
1339,14.7,industry_veteran,89,82,100,95,100,0.139,129,99,98,0,0,0,0,0,1,0,0,73,fail
1340,8.2,senior_professional,80,27,75,61,48,0.132,117,38,47,0,0,0,0,0,1,1,0,51,fail
1341,6.5,senior_professional,77,57,61,64,52,0.171,89,54,55,0,0,0,0,0,1,1,0,47,fail
1342,7.6,senior_professional,54,66,46,66,54,0.113,130,68,81,0,0,0,0,0,1,1,0,58,fail
1343,2.8,junior_professional,58,50,55,74,53,0.069,91,71,54,0,0,0,0,0,1,1,0,52,fail
1344,6.9,senior_professional,65,82,81,100,100,0.07,43,87,100,0,1,0,0,0,1,1,0,65,fail
1345,0.8,fresher,80,77,60,65,85,0.074,87,53,81,0,0,0,0,0,1,1,0,71,pass
1346,4.8,mid_level_expert,59,34,29,65,44,0.092,98,49,58,0,0,0,0,0,1,1,0,49,fail
1347,0.7,fresher,96,100,100,91,97,0.034,39,88,89,0,0,0,0,0,1,1,0,89,pass
1348,9.5,senior_professional,43,67,87,81,70,0.094,67,66,61,0,0,1,0,0,1,1,0,62,fail
1349,3.7,mid_level_expert,40,42,75,67,62,0.143,41,64,90,0,0,0,0,0,1,1,0,50,fail
1350,1.3,junior_professional,71,41,66,20,27,0.229,106,34,50,0,0,0,0,0,1,1,0,35,fail
1351,8.3,senior_professional,69,84,77,53,66,0.161,59,59,46,0,0,0,0,0,1,1,0,56,fail
1352,4.5,mid_level_expert,81,61,54,79,83,0.092,128,65,86,0,0,0,0,0,1,1,0,70,pass
1353,0.4,fresher,86,90,81,72,75,0.094,32,100,87,0,0,1,0,0,1,1,0,77,fail
1354,2.0,junior_professional,82,75,100,99,74,0.068,42,89,100,0,0,0,0,0,1,1,0,74,pass
1355,12.9,industry_veteran,93,97,82,84,94,0.084,111,75,80,0,0,0,0,0,1,1,0,87,pass
1356,1.6,junior_professional,77,90,99,80,100,0.081,87,100,87,0,0,0,0,0,1,1,1,77,fail
1357,2.9,junior_professional,100,95,72,75,94,0.014,81,94,80,1,0,0,0,0,1,1,0,72,fail
1358,2.5,junior_professional,16,22,36,28,41,0.189,52,34,34,0,0,0,0,0,1,1,0,7,fail
1359,8.1,senior_professional,56,94,36,62,69,0.24,107,41,53,0,0,0,0,0,1,1,0,50,fail
1360,13.4,industry_veteran,53,64,53,84,48,0.125,109,55,40,0,0,0,0,0,1,1,0,48,fail
1361,6.9,senior_professional,86,56,76,73,44,0.224,116,60,58,0,0,0,0,0,1,1,0,61,fail
1362,0.8,fresher,86,28,57,96,94,0.088,119,75,84,0,0,0,0,0,1,1,0,65,fail
1363,2.5,junior_professional,55,71,76,52,45,0.158,60,51,61,0,0,0,0,1,1,1,0,57,fail
1364,4.4,mid_level_expert,100,100,100,100,98,0.081,59,100,100,0,0,0,1,1,1,1,0,91,fail
1365,3.7,mid_level_expert,75,55,51,50,62,0.149,91,50,61,0,0,0,0,0,1,1,0,49,fail
1366,0.1,fresher,57,63,64,68,83,0.071,97,100,69,0,0,0,0,0,1,1,0,57,fail
1367,11.1,industry_veteran,65,59,53,42,41,0.139,45,56,57,0,0,0,0,0,1,1,0,53,fail
1368,8.3,senior_professional,33,54,54,42,42,0.263,123,59,34,0,0,0,0,0,1,1,0,35,fail
1369,6.2,senior_professional,57,54,69,56,53,0.147,117,75,51,0,0,0,0,0,1,1,0,45,fail
1370,6.3,senior_professional,71,75,91,59,49,0.139,97,64,59,0,0,0,0,0,1,1,0,65,fail
1371,10.9,industry_veteran,100,71,46,77,81,0.097,96,65,80,0,0,0,0,0,1,1,0,73,pass
1372,4.9,mid_level_expert,62,49,58,32,38,0.14,80,46,36,0,0,0,0,0,1,1,0,40,fail
1373,6.6,senior_professional,77,95,85,73,76,0.15,127,92,86,0,0,0,0,0,1,1,0,80,pass
1374,4.3,mid_level_expert,82,100,100,69,88,0.049,72,81,83,0,0,0,0,0,1,1,0,75,pass
1375,6.3,senior_professional,78,51,67,53,82,0.15,60,66,76,0,0,0,0,0,1,1,0,57,fail
1376,3.7,mid_level_expert,99,100,85,70,88,0.081,79,83,100,0,0,1,0,0,1,1,0,91,fail
1377,9.1,senior_professional,48,48,50,69,50,0.132,107,61,63,0,0,0,0,0,1,1,0,45,fail
1378,0.4,fresher,77,99,69,77,79,0.147,110,69,74,0,0,0,0,0,1,1,0,75,pass
1379,2.3,junior_professional,68,85,100,81,93,0.1,53,85,70,0,0,0,0,0,1,1,0,77,pass
1380,12.1,industry_veteran,47,24,46,35,48,0.081,95,37,70,0,0,0,0,0,1,1,0,41,fail
1381,9.3,senior_professional,70,69,33,76,65,0.18,35,69,85,0,0,0,0,0,1,1,0,48,fail
1382,5.2,mid_level_expert,83,54,73,71,74,0.068,30,55,54,0,0,0,0,0,1,1,0,61,fail
1383,11.8,industry_veteran,52,77,64,66,53,0.23,48,41,58,0,0,0,0,0,1,1,0,49,fail
1384,1.5,junior_professional,67,68,59,57,39,0.156,126,49,46,0,0,0,0,0,1,1,1,41,fail
1385,3.7,mid_level_expert,66,79,64,66,64,0.053,39,71,41,0,0,0,0,0,1,1,0,68,fail
1386,10.3,industry_veteran,96,97,66,89,90,0.138,82,97,100,0,0,0,0,0,1,1,0,78,pass
1387,4.5,mid_level_expert,78,100,81,76,83,0.069,48,100,73,0,0,0,0,0,1,1,0,72,pass
1388,2.4,junior_professional,87,78,87,96,54,0.093,110,65,68,0,0,0,0,0,1,1,0,76,pass
1389,0.6,fresher,77,75,97,93,88,0.099,72,58,100,0,0,0,0,0,1,1,0,73,pass
1390,0.1,fresher,45,48,44,35,46,0.082,47,37,55,0,0,0,0,0,1,1,0,45,fail
1391,13.8,industry_veteran,42,80,77,55,64,0.23,109,55,73,0,0,0,0,0,1,1,0,58,fail
1392,2.9,junior_professional,79,90,100,98,100,0.087,29,96,90,0,0,0,0,0,1,1,0,74,pass
1393,0.6,fresher,77,76,82,92,86,0.069,34,90,97,0,0,0,0,0,1,1,0,81,pass
1394,10.9,industry_veteran,90,79,66,88,80,0.125,65,81,95,0,0,0,0,0,1,1,0,86,pass
1395,0.8,fresher,47,43,65,40,73,0.2,101,64,50,0,0,0,0,0,1,1,0,46,fail
1396,4.0,mid_level_expert,28,36,50,51,63,0.113,112,50,29,0,0,0,0,0,1,1,0,38,fail
1397,3.3,mid_level_expert,34,42,55,74,57,0.133,36,66,60,0,0,0,0,0,1,1,0,37,fail
1398,2.8,junior_professional,96,68,81,100,74,0.123,68,66,55,0,0,0,0,0,1,1,0,77,pass
1399,7.9,senior_professional,93,81,96,100,81,0.033,76,100,74,0,0,0,0,0,1,1,0,85,pass
1400,1.9,junior_professional,94,100,95,100,83,0.158,105,74,98,0,0,0,1,0,1,1,0,90,fail
1401,14.7,industry_veteran,100,100,100,100,100,0.083,127,100,100,0,1,0,0,0,1,1,0,99,fail
1402,5.7,mid_level_expert,84,74,61,89,56,0.01,59,60,74,0,0,0,0,1,1,1,0,81,fail
1403,2.8,junior_professional,85,100,100,86,100,0.066,29,72,91,1,0,0,0,0,1,1,0,89,fail
1404,4.4,mid_level_expert,54,39,49,56,44,0.223,122,72,40,0,0,0,0,0,1,1,0,47,fail
1405,10.9,industry_veteran,53,98,94,83,84,0.069,43,85,98,0,0,0,0,0,1,1,0,85,pass
1406,2.0,junior_professional,67,59,91,100,80,0.112,37,55,61,1,0,0,0,0,1,1,0,63,fail
1407,0.7,fresher,100,99,87,100,100,0.093,78,100,96,0,0,0,0,0,1,1,0,95,pass
1408,0.7,fresher,32,52,39,45,42,0.117,106,44,69,0,0,0,0,0,1,1,0,34,fail
1409,2.3,junior_professional,66,52,56,36,49,0.171,45,55,36,0,1,0,0,0,1,1,0,43,fail
1410,1.9,junior_professional,69,92,94,83,84,0.107,55,94,73,0,0,0,0,0,1,1,0,72,pass
1411,1.6,junior_professional,58,68,57,81,63,0.124,125,56,83,0,0,0,0,0,1,1,0,54,fail
1412,7.1,senior_professional,100,88,93,100,100,0.139,25,93,90,1,0,0,0,0,0,1,0,90,fail
1413,0.6,fresher,73,86,98,78,63,0.152,44,77,59,0,0,0,0,0,1,1,0,63,fail
1414,10.2,industry_veteran,56,48,62,65,69,0.111,60,60,60,0,0,0,0,0,1,1,0,49,fail
1415,9.5,senior_professional,78,100,97,100,96,0.09,40,75,92,0,0,0,1,0,1,1,0,82,fail
1416,0.3,fresher,76,68,61,58,61,0.106,76,73,78,0,0,0,0,1,1,1,0,69,fail
1417,5.0,mid_level_expert,66,47,62,66,44,0.117,123,42,65,0,0,0,0,0,1,1,0,61,fail
1418,6.6,senior_professional,100,94,100,79,71,0.105,80,87,70,0,0,0,0,0,1,1,0,77,pass
1419,0.6,fresher,53,48,60,58,45,0.053,52,34,53,0,0,0,0,0,1,1,0,55,fail
1420,9.5,senior_professional,100,100,84,100,89,0.086,108,100,84,0,0,0,0,0,1,1,0,78,pass
1421,8.0,senior_professional,88,69,100,96,91,0.051,43,99,72,0,0,0,0,0,1,1,0,84,pass
1422,9.6,senior_professional,67,55,74,71,71,0.136,124,69,55,0,0,0,0,0,1,1,0,44,fail
1423,4.4,mid_level_expert,65,69,81,82,63,0.075,26,63,91,0,0,0,0,0,1,1,0,66,fail
1424,0.9,fresher,59,47,46,47,41,0.122,128,50,22,0,0,0,0,0,1,1,0,45,fail
1425,1.0,junior_professional,54,66,60,56,48,0.156,79,42,55,1,0,0,0,0,1,1,0,45,fail
1426,7.6,senior_professional,57,68,85,73,69,0.152,89,74,76,0,0,0,0,0,1,1,0,59,fail
1427,9.7,senior_professional,43,63,44,72,52,0.107,80,51,61,0,0,1,0,0,1,1,1,50,fail
1428,0.8,fresher,53,56,41,46,27,0.107,67,45,44,0,0,0,0,0,1,1,0,41,fail
1429,14.8,industry_veteran,71,77,78,81,79,0.136,29,73,71,0,0,0,0,0,1,1,0,71,pass
1430,6.4,senior_professional,50,68,45,52,64,0.01,36,69,64,0,1,0,0,0,1,1,0,60,fail
1431,0.9,fresher,62,78,62,69,77,0.104,88,67,74,0,0,0,0,0,1,1,0,52,fail
1432,0.4,fresher,84,65,62,72,88,0.107,63,58,86,0,0,0,0,0,1,1,0,67,fail
1433,0.6,fresher,57,50,64,52,33,0.165,90,53,65,0,0,0,0,0,1,1,0,58,fail
1434,5.2,mid_level_expert,65,66,65,62,62,0.111,50,56,36,0,0,0,0,0,1,1,0,54,fail
1435,0.4,fresher,54,38,37,61,28,0.105,81,43,59,0,0,0,0,0,1,1,0,29,fail
1436,2.1,junior_professional,83,69,71,61,67,0.187,70,29,53,0,0,0,0,0,1,1,0,47,fail
1437,10.8,industry_veteran,33,42,26,40,42,0.099,116,41,32,0,0,0,0,0,1,1,0,33,fail
1438,5.5,mid_level_expert,75,75,72,78,82,0.064,115,74,72,0,0,0,0,0,1,1,0,79,pass
1439,12.9,industry_veteran,41,54,49,38,61,0.131,77,54,57,0,0,0,0,0,1,1,0,47,fail
1440,5.1,mid_level_expert,68,41,80,56,63,0.168,85,58,57,0,0,0,0,0,1,1,0,60,fail
1441,2.2,junior_professional,75,61,63,60,73,0.206,73,71,59,0,0,0,0,0,1,1,0,63,fail
1442,10.9,industry_veteran,86,50,59,61,94,0.192,25,60,78,0,0,0,0,0,1,1,0,59,fail
1443,11.8,industry_veteran,80,86,97,80,73,0.103,94,91,63,0,0,0,0,0,1,1,0,82,pass
1444,8.0,senior_professional,89,76,69,100,81,0.13,129,72,99,0,0,0,0,0,1,1,0,67,fail
1445,0.0,fresher,100,91,100,100,100,0.192,69,100,78,0,0,0,0,0,1,1,0,90,pass
1446,14.6,industry_veteran,64,100,85,84,77,0.065,70,86,95,0,0,0,0,0,1,1,0,77,pass
1447,1.2,junior_professional,100,67,74,52,43,0.226,67,78,77,0,0,0,0,0,1,1,0,64,fail
1448,13.8,industry_veteran,86,35,76,84,59,0.136,109,81,66,0,0,0,0,0,1,1,0,59,fail
1449,12.3,industry_veteran,78,50,48,48,51,0.102,25,58,65,0,0,0,0,1,1,1,0,56,fail
1450,14.0,industry_veteran,75,54,67,68,67,0.142,119,60,64,0,0,0,0,0,1,1,0,70,pass
1451,7.0,senior_professional,67,84,86,53,62,0.134,105,83,69,0,0,0,0,0,1,1,0,70,pass
1452,7.6,senior_professional,96,81,77,56,82,0.08,55,77,67,0,0,0,0,0,1,1,0,72,pass
1453,3.7,mid_level_expert,56,50,59,58,70,0.193,32,47,78,0,0,0,0,0,1,1,0,58,fail
1454,0.0,fresher,91,84,80,100,100,0.049,87,76,100,0,0,0,0,0,0,1,0,86,fail
1455,12.9,industry_veteran,98,100,89,87,87,0.089,83,99,97,0,0,0,0,0,1,1,0,75,fail
1456,7.4,senior_professional,31,68,48,62,62,0.176,104,90,67,0,0,0,0,0,1,1,0,49,fail
1457,2.6,junior_professional,31,60,48,89,41,0.091,45,60,61,0,0,1,0,0,1,1,0,45,fail
1458,6.2,senior_professional,66,69,74,73,72,0.175,82,80,44,0,0,0,0,0,1,1,0,51,fail
1459,0.1,fresher,83,94,98,100,80,0.054,68,100,86,0,0,0,0,0,1,1,0,76,pass
1460,1.6,junior_professional,15,16,38,44,23,0.145,69,20,31,0,0,0,0,0,1,1,0,18,fail
1461,6.1,senior_professional,55,66,90,57,68,0.171,56,74,55,0,0,0,0,0,1,1,0,46,fail
1462,13.7,industry_veteran,74,65,45,76,53,0.092,79,63,73,0,0,0,0,0,1,1,0,56,fail
1463,0.2,fresher,83,41,88,53,59,0.155,93,71,76,1,0,0,0,0,1,1,0,60,fail
1464,1.7,junior_professional,70,96,86,93,70,0.108,48,48,90,0,0,0,0,0,1,1,0,73,pass
1465,10.4,industry_veteran,74,78,74,86,67,0.06,130,91,100,0,0,0,0,0,1,1,0,63,fail
1466,12.9,industry_veteran,55,61,63,79,67,0.16,116,35,40,0,0,1,0,0,1,1,0,45,fail
1467,11.3,industry_veteran,67,34,59,41,49,0.194,76,36,54,0,0,0,0,0,1,1,0,43,fail
1468,0.3,fresher,79,42,53,65,39,0.186,92,53,61,0,0,0,0,1,1,1,0,57,fail
1469,10.9,industry_veteran,47,63,41,54,57,0.142,90,73,67,0,0,0,0,0,1,1,0,50,fail
1470,12.8,industry_veteran,68,66,53,53,58,0.216,50,52,70,0,0,0,0,1,1,1,0,55,fail
1471,2.1,junior_professional,56,73,81,67,81,0.181,29,87,100,0,0,0,0,0,1,1,0,54,fail
1472,2.3,junior_professional,93,93,84,98,93,0.097,109,100,100,0,0,0,0,0,1,1,0,82,pass
1473,0.3,fresher,21,62,48,43,33,0.054,81,54,33,0,0,0,0,0,1,1,0,38,fail
1474,1.6,junior_professional,47,68,83,47,52,0.161,93,75,57,0,0,0,0,1,1,1,0,54,fail
1475,7.0,senior_professional,48,27,0,43,15,0.125,65,47,35,0,0,0,0,0,1,1,0,31,fail
1476,8.1,senior_professional,46,68,77,76,64,0.136,43,65,92,0,0,0,0,0,1,1,0,52,fail
1477,12.7,industry_veteran,90,81,78,81,57,0.102,82,90,85,0,0,0,0,0,1,1,0,77,pass
1478,2.4,junior_professional,89,83,98,84,92,0.137,117,92,96,0,0,1,0,0,1,1,0,83,fail
1479,1.7,junior_professional,62,27,59,56,57,0.153,41,46,69,0,0,0,0,0,1,1,0,39,fail
1480,13.7,industry_veteran,61,81,68,72,66,0.081,100,81,76,1,0,0,0,0,1,1,0,58,fail
1481,1.3,junior_professional,61,53,31,55,58,0.028,93,56,71,0,0,0,0,0,1,1,0,46,fail
1482,0.0,fresher,71,52,43,55,66,0.164,70,57,50,0,0,0,0,0,1,1,0,52,fail
1483,4.5,mid_level_expert,61,80,60,96,95,0.052,45,75,94,0,1,0,0,0,1,1,0,68,fail
1484,13.1,industry_veteran,66,74,75,77,73,0.01,95,76,92,0,0,0,0,0,1,1,0,84,pass
1485,2.6,junior_professional,75,79,98,90,86,0.136,89,94,77,0,0,0,0,0,1,1,0,65,pass
1486,14.3,industry_veteran,81,83,92,87,78,0.074,48,72,71,0,0,0,0,0,1,1,0,66,fail
1487,0.0,fresher,95,84,74,84,81,0.153,110,59,80,0,0,0,0,0,1,1,0,69,fail
1488,2.0,junior_professional,64,70,84,74,83,0.065,36,77,85,0,0,0,0,0,1,1,0,67,fail
1489,1.1,junior_professional,94,73,90,79,86,0.099,52,85,91,0,0,0,0,0,1,1,0,87,pass
1490,7.9,senior_professional,69,61,82,76,81,0.252,93,68,51,0,0,0,1,0,1,1,0,51,fail
1491,3.9,mid_level_expert,47,72,50,61,65,0.219,86,61,58,0,0,0,0,0,1,1,0,45,fail
1492,13.5,industry_veteran,45,70,47,59,46,0.139,37,60,58,0,1,0,0,0,1,1,0,47,fail
1493,4.9,mid_level_expert,65,63,39,49,66,0.182,73,44,61,0,0,0,0,0,1,1,0,36,fail
1494,2.2,junior_professional,63,79,66,66,79,0.228,110,82,59,0,0,0,0,0,1,1,0,45,fail
1495,10.9,industry_veteran,41,56,57,62,55,0.111,86,53,59,0,0,0,0,1,1,1,0,50,fail
1496,5.6,mid_level_expert,72,68,70,88,65,0.078,117,56,57,0,0,0,0,0,1,1,0,66,fail
1497,0.1,fresher,100,100,100,89,94,0.06,100,71,92,0,0,0,0,0,1,1,0,73,pass
1498,5.5,mid_level_expert,89,55,30,59,81,0.145,54,83,60,0,0,0,1,0,1,1,0,67,fail
1499,6.5,senior_professional,51,59,65,44,73,0.145,101,43,45,0,0,0,0,0,1,1,0,53,fail
1500,1.6,junior_professional,98,88,92,100,88,0.135,123,79,80,0,0,0,0,0,1,1,0,76,pass
1501,1.3,junior_professional,24,42,45,60,27,0.099,117,50,62,0,0,0,0,0,1,1,0,35,fail
1502,1.6,junior_professional,68,100,100,100,81,0.01,130,100,95,0,0,0,0,0,1,1,0,90,pass
1503,14.9,industry_veteran,100,100,73,71,85,0.01,104,97,78,0,0,0,0,1,1,1,0,92,fail
1504,0.2,fresher,70,83,75,76,74,0.035,101,70,68,0,0,0,0,0,1,1,0,73,pass
1505,9.9,senior_professional,100,88,100,100,98,0.067,31,100,100,0,0,0,0,0,1,1,0,95,pass
1506,14.0,industry_veteran,95,75,80,74,74,0.087,57,76,68,0,0,0,0,0,1,1,0,77,pass
1507,11.1,industry_veteran,98,81,83,100,84,0.109,45,100,82,0,0,0,0,0,1,1,0,87,pass
1508,10.5,industry_veteran,36,85,92,73,78,0.213,90,63,79,0,0,0,0,0,1,1,0,40,fail
1509,5.8,mid_level_expert,60,77,85,53,59,0.134,55,60,58,0,0,0,0,0,1,0,0,48,fail
1510,2.1,junior_professional,86,78,89,85,88,0.074,95,78,100,0,0,0,0,0,1,1,0,79,pass
1511,2.8,junior_professional,46,48,48,60,44,0.109,104,39,48,0,0,0,0,0,1,1,0,40,fail
1512,0.1,fresher,83,100,87,100,97,0.01,54,100,87,0,0,0,1,0,1,0,0,76,fail
1513,4.5,mid_level_expert,99,56,79,52,66,0.124,60,68,100,0,0,0,0,0,1,1,0,65,fail
1514,13.6,industry_veteran,100,84,100,99,87,0.128,29,100,98,0,0,0,0,0,1,1,0,98,pass
1515,5.3,mid_level_expert,37,38,25,53,35,0.106,106,48,60,0,0,0,0,0,1,1,0,31,fail
1516,12.9,industry_veteran,96,91,90,80,63,0.119,118,73,68,0,0,0,0,0,1,1,0,79,pass
1517,3.7,mid_level_expert,21,24,36,29,22,0.173,80,54,22,0,0,0,0,0,1,1,0,22,fail
1518,12.1,industry_veteran,74,86,100,97,76,0.112,96,100,87,0,0,0,0,0,1,1,0,96,pass
1519,8.7,senior_professional,75,78,66,59,83,0.23,44,62,67,0,0,0,0,0,1,1,0,57,fail
1520,0.5,fresher,84,72,59,74,58,0.142,71,78,85,0,0,0,0,0,1,1,0,75,pass
1521,11.5,industry_veteran,85,94,100,100,80,0.13,121,86,68,0,0,0,0,0,1,1,0,82,pass
1522,5.3,mid_level_expert,64,90,71,71,80,0.177,122,69,74,0,0,0,0,0,1,1,0,59,fail
1523,0.3,fresher,100,85,78,94,100,0.064,71,100,99,0,0,1,0,0,1,1,0,84,fail
1524,5.7,mid_level_expert,56,100,80,82,79,0.08,40,100,81,0,0,0,0,0,1,1,0,85,pass
1525,10.0,industry_veteran,96,76,77,99,100,0.079,118,100,85,0,0,0,0,0,1,1,0,77,pass
1526,11.3,industry_veteran,85,86,97,77,94,0.087,82,61,73,0,0,0,0,0,1,1,0,80,pass
1527,12.1,industry_veteran,71,35,82,80,59,0.101,36,70,46,0,0,0,0,0,1,1,0,67,fail
1528,5.0,mid_level_expert,50,67,47,73,74,0.211,38,75,73,0,1,0,0,0,1,1,0,46,fail
1529,3.9,mid_level_expert,31,39,27,50,44,0.139,105,52,24,0,0,0,0,0,1,1,0,37,fail
1530,2.6,junior_professional,71,39,63,58,64,0.144,129,59,88,0,1,0,0,1,1,1,0,56,fail
1531,3.1,mid_level_expert,81,87,78,94,76,0.082,127,98,88,0,0,0,0,1,1,1,0,84,fail
1532,10.7,industry_veteran,76,80,71,69,71,0.213,37,63,83,0,0,0,1,0,1,1,0,67,fail
1533,0.3,fresher,81,76,58,74,45,0.135,65,64,45,0,0,0,1,0,1,1,0,50,fail
1534,10.3,industry_veteran,100,93,100,100,74,0.089,33,92,91,0,0,0,0,0,1,1,0,98,pass
1535,0.8,fresher,93,67,52,64,76,0.115,71,68,48,0,0,0,0,0,1,1,0,73,pass
1536,0.8,fresher,67,63,57,60,70,0.167,121,64,73,0,0,0,0,0,1,1,0,55,fail
1537,1.1,junior_professional,92,79,86,100,87,0.032,42,84,90,0,0,0,0,0,1,1,0,85,pass
1538,5.6,mid_level_expert,100,73,88,86,83,0.035,39,83,94,0,0,0,0,0,1,1,0,88,pass
1539,0.7,fresher,61,37,65,64,49,0.106,43,62,41,0,0,0,0,0,1,1,0,48,fail
1540,4.2,mid_level_expert,39,48,49,67,69,0.147,123,52,50,0,0,0,0,0,1,1,0,42,fail
1541,1.9,junior_professional,48,81,60,59,53,0.053,94,70,65,0,0,0,0,0,1,1,0,52,fail
1542,9.6,senior_professional,73,79,88,70,78,0.055,38,100,80,0,0,0,0,0,1,1,0,65,fail
1543,13.7,industry_veteran,57,50,59,74,65,0.182,67,58,39,0,0,0,0,0,1,1,0,44,fail
1544,5.7,mid_level_expert,83,70,76,78,64,0.105,89,71,82,0,0,0,0,0,1,1,0,64,fail
1545,8.3,senior_professional,56,68,84,65,73,0.065,79,65,89,0,1,0,0,0,1,1,0,67,fail
1546,7.1,senior_professional,79,85,46,51,80,0.01,121,77,57,0,0,0,0,0,1,1,0,69,fail
1547,0.6,fresher,46,56,70,74,88,0.186,32,63,54,0,0,0,0,0,1,1,0,52,fail
1548,12.0,industry_veteran,83,88,82,99,100,0.014,123,79,94,0,0,0,1,0,1,1,0,76,fail
1549,0.9,fresher,91,82,67,86,94,0.119,93,66,100,0,0,0,0,0,1,1,0,80,pass
1550,1.6,junior_professional,85,100,99,84,95,0.163,50,76,81,0,0,0,0,0,1,1,0,82,pass
1551,5.3,mid_level_expert,100,100,100,91,100,0.093,121,100,100,0,0,0,0,0,1,1,0,99,pass
1552,13.4,industry_veteran,87,56,75,64,35,0.191,50,44,66,0,0,0,0,0,1,1,0,61,fail
1553,2.4,junior_professional,63,85,59,52,50,0.202,84,71,34,0,1,0,0,0,1,1,1,52,fail
1554,0.1,fresher,61,54,94,66,74,0.095,123,61,100,0,0,0,0,0,1,1,0,53,fail
1555,1.6,junior_professional,60,85,53,65,82,0.151,81,71,49,0,0,0,0,1,1,1,0,56,fail
1556,12.7,industry_veteran,54,66,57,55,52,0.032,84,66,43,0,0,0,0,0,1,1,0,52,fail
1557,13.5,industry_veteran,98,88,86,92,93,0.01,117,77,100,0,0,0,0,0,1,1,0,91,pass
1558,7.5,senior_professional,71,73,40,74,60,0.081,126,86,72,0,0,0,0,0,1,1,0,50,fail
1559,8.9,senior_professional,59,78,84,73,69,0.201,63,64,68,0,0,0,0,0,1,1,0,56,fail
1560,10.8,industry_veteran,78,62,83,79,82,0.178,97,92,33,0,0,0,0,0,1,1,0,66,pass
1561,8.7,senior_professional,99,96,96,100,100,0.081,67,100,92,0,0,0,0,0,1,1,0,90,pass
1562,1.1,junior_professional,65,94,53,83,80,0.153,92,64,75,0,0,0,0,0,0,1,0,61,fail
1563,5.5,mid_level_expert,69,65,41,40,53,0.116,64,36,10,0,0,0,0,0,1,1,0,60,fail
1564,3.6,mid_level_expert,84,95,100,92,86,0.085,105,100,91,0,0,0,0,0,1,1,0,90,pass
1565,7.7,senior_professional,41,39,32,65,53,0.071,35,65,56,0,0,0,0,0,1,1,0,39,fail
1566,3.3,mid_level_expert,85,69,89,70,82,0.071,37,51,70,0,0,0,0,0,1,1,1,60,fail
1567,5.3,mid_level_expert,100,86,84,100,96,0.05,89,100,70,0,0,0,0,0,1,1,0,100,pass
1568,14.5,industry_veteran,97,71,88,76,100,0.103,101,58,89,0,0,0,0,0,1,1,0,69,pass
1569,12.3,industry_veteran,50,59,29,41,52,0.139,66,44,47,0,0,0,0,0,1,1,1,33,fail
1570,2.5,junior_professional,92,96,100,80,84,0.095,89,99,71,0,0,0,0,0,1,1,0,84,pass
1571,12.5,industry_veteran,62,92,100,98,92,0.117,92,100,100,0,0,0,0,0,1,1,0,72,pass
1572,4.3,mid_level_expert,35,62,39,52,58,0.143,41,69,73,0,0,0,0,0,1,1,0,39,fail
1573,7.7,senior_professional,74,100,86,100,93,0.021,111,85,83,0,0,0,0,1,1,1,1,90,fail
1574,1.2,junior_professional,64,84,59,65,50,0.16,59,61,48,0,0,0,0,0,1,1,0,56,fail
1575,10.7,industry_veteran,88,48,84,58,72,0.014,30,53,70,0,0,0,0,0,1,1,0,62,fail
1576,10.2,industry_veteran,82,100,50,83,73,0.066,101,57,64,0,0,0,0,0,1,1,0,74,pass
1577,13.3,industry_veteran,71,53,44,78,68,0.147,52,89,65,0,0,0,0,0,1,1,0,60,fail
1578,8.0,senior_professional,97,91,92,61,83,0.04,35,78,100,0,0,0,0,0,1,1,0,82,pass
1579,1.5,junior_professional,70,63,61,75,62,0.164,112,52,41,0,0,0,0,0,1,1,0,48,fail
1580,1.4,junior_professional,72,90,73,73,72,0.174,105,73,62,0,0,0,0,0,1,1,0,61,fail
1581,2.4,junior_professional,100,76,97,94,90,0.079,45,91,95,0,0,0,0,0,1,1,0,84,pass
1582,9.5,senior_professional,80,57,54,77,46,0.167,118,52,98,0,0,0,0,0,1,1,0,54,fail
1583,4.2,mid_level_expert,90,90,83,79,85,0.013,130,86,85,0,0,0,0,0,1,1,0,97,pass
1584,5.8,mid_level_expert,85,27,59,79,65,0.18,123,64,32,0,0,0,0,0,1,1,0,52,fail
1585,4.6,mid_level_expert,97,72,71,87,81,0.08,86,84,79,0,0,0,0,0,1,1,0,72,pass
1586,0.9,fresher,66,48,73,72,50,0.199,25,82,55,0,0,0,0,0,1,1,0,54,fail
1587,0.5,fresher,71,59,65,72,82,0.073,83,70,63,0,0,0,0,0,1,1,0,45,fail
1588,9.3,senior_professional,53,45,45,56,63,0.142,67,47,67,1,0,0,0,0,1,1,0,44,fail
1589,2.5,junior_professional,86,62,59,69,83,0.135,63,60,66,0,0,0,0,0,1,1,0,62,fail
1590,0.6,fresher,41,40,71,44,28,0.202,44,49,62,0,0,0,0,0,1,0,0,28,fail
1591,9.1,senior_professional,100,100,77,87,70,0.07,100,100,66,0,0,0,0,0,1,0,0,89,fail
1592,0.1,fresher,45,42,54,86,51,0.159,111,52,39,0,0,0,0,0,1,1,0,47,fail
1593,13.3,industry_veteran,41,56,41,29,55,0.149,67,74,32,1,0,0,0,0,1,1,0,47,fail
1594,14.1,industry_veteran,92,75,94,100,87,0.085,109,96,78,0,0,0,0,0,1,1,0,84,pass
1595,14.3,industry_veteran,49,41,53,58,57,0.238,112,44,38,0,0,0,0,0,1,1,0,37,fail
1596,0.3,fresher,77,61,67,76,86,0.018,80,76,80,0,0,1,0,0,1,1,0,79,fail
1597,1.9,junior_professional,78,92,81,88,78,0.106,78,92,75,0,0,0,0,0,1,1,0,75,pass
1598,1.7,junior_professional,65,66,52,64,51,0.13,83,72,51,0,0,0,0,0,1,1,0,50,fail
1599,6.7,senior_professional,46,82,63,60,50,0.146,128,69,48,0,0,0,0,0,1,1,0,67,fail
1600,12.1,industry_veteran,39,59,56,61,48,0.117,30,45,55,0,0,0,0,0,1,1,0,27,fail
1601,5.7,mid_level_expert,80,87,76,96,82,0.151,109,91,100,0,0,0,0,0,1,1,0,80,pass
1602,0.3,fresher,100,90,90,82,100,0.161,48,100,100,0,0,0,0,0,1,1,0,65,pass
1603,9.9,senior_professional,100,74,100,99,85,0.01,109,71,77,0,0,0,0,0,1,1,0,91,pass
1604,5.2,mid_level_expert,62,94,100,100,78,0.094,77,82,90,0,0,0,0,1,1,1,0,82,fail
1605,12.1,industry_veteran,90,68,90,93,88,0.138,94,100,92,0,0,0,0,1,1,1,0,91,fail
1606,4.7,mid_level_expert,97,78,100,84,73,0.121,25,75,100,0,0,0,0,0,1,1,0,88,pass
1607,2.5,junior_professional,93,87,89,95,77,0.117,126,69,78,0,0,0,0,0,1,1,0,74,pass
1608,5.9,mid_level_expert,71,47,43,37,53,0.118,47,27,46,0,0,0,0,0,1,1,0,45,fail
1609,11.5,industry_veteran,92,71,62,77,97,0.188,53,90,80,0,0,0,0,0,1,1,0,79,pass
1610,3.9,mid_level_expert,77,53,77,69,53,0.104,130,61,48,0,0,0,0,0,0,1,0,50,fail
1611,4.8,mid_level_expert,81,66,54,76,67,0.068,84,80,69,0,0,1,0,0,1,1,0,62,fail
1612,0.3,fresher,57,81,89,58,72,0.068,108,87,52,0,0,0,0,0,1,1,0,64,fail
1613,11.7,industry_veteran,76,68,72,71,56,0.01,108,81,52,0,0,0,0,0,1,1,0,54,fail
1614,1.4,junior_professional,43,41,37,50,61,0.086,108,50,54,0,0,1,0,0,1,1,0,36,fail
1615,10.7,industry_veteran,94,86,91,95,86,0.049,30,100,77,0,0,0,0,0,1,1,0,72,pass
1616,5.4,mid_level_expert,69,52,77,65,55,0.137,54,46,71,0,0,0,0,0,1,1,0,57,fail
1617,2.6,junior_professional,93,88,73,94,95,0.126,38,89,93,0,0,0,0,0,1,1,0,77,pass
1618,10.4,industry_veteran,80,100,100,88,94,0.028,39,74,77,0,0,0,0,0,1,1,0,85,pass
1619,12.8,industry_veteran,68,78,60,79,72,0.215,124,93,87,0,0,0,0,1,0,1,0,68,fail
1620,0.0,fresher,57,73,100,78,59,0.097,28,73,55,0,0,0,0,0,1,1,0,65,pass
1621,6.8,senior_professional,54,34,36,30,42,0.144,35,21,40,0,0,0,0,0,1,1,0,20,fail
1622,5.8,mid_level_expert,70,84,82,86,88,0.074,61,64,94,0,0,0,0,0,1,1,0,68,fail
1623,0.2,fresher,46,69,79,77,74,0.035,115,68,71,0,0,0,0,0,0,1,0,60,fail
1624,6.6,senior_professional,75,67,93,66,89,0.142,27,89,75,0,0,0,0,0,1,1,0,64,fail
1625,9.4,senior_professional,25,18,33,25,23,0.203,66,33,33,0,0,1,0,0,1,1,0,23,fail
1626,3.1,mid_level_expert,86,76,72,81,71,0.046,48,70,77,0,0,0,0,0,1,1,0,67,fail
1627,12.9,industry_veteran,85,54,57,90,67,0.094,81,88,56,0,1,0,0,0,1,1,0,70,fail
1628,2.7,junior_professional,38,72,45,59,42,0.245,84,68,55,0,0,0,0,0,1,1,0,48,fail
1629,1.2,junior_professional,80,56,70,68,69,0.132,37,70,56,0,1,0,0,0,1,1,0,60,fail
1630,14.4,industry_veteran,25,49,42,52,45,0.223,91,18,27,0,0,0,0,0,1,1,0,30,fail
1631,0.5,fresher,27,56,38,28,71,0.077,100,51,53,0,0,1,0,0,1,1,0,30,fail
1632,3.8,mid_level_expert,47,88,46,92,56,0.106,97,54,68,0,0,1,0,0,1,1,0,56,fail
1633,11.4,industry_veteran,62,70,63,87,80,0.103,81,77,89,0,0,0,0,0,1,1,0,65,fail
1634,4.0,mid_level_expert,92,84,83,98,100,0.035,130,100,100,0,0,0,0,0,1,1,0,90,pass
1635,13.1,industry_veteran,51,59,65,46,59,0.114,64,60,71,0,0,0,0,0,1,0,0,50,fail
1636,8.7,senior_professional,62,53,52,56,58,0.164,79,81,59,0,0,0,1,0,1,1,0,50,fail
1637,3.4,mid_level_expert,45,49,60,52,48,0.192,127,47,36,0,0,0,0,0,1,1,0,35,fail
1638,1.1,junior_professional,100,86,100,84,74,0.154,47,96,75,0,0,0,0,0,1,1,0,85,pass
1639,6.5,senior_professional,100,67,93,74,49,0.138,29,91,80,1,0,0,0,0,1,1,0,75,fail
1640,5.8,mid_level_expert,71,90,72,68,69,0.115,130,72,31,0,1,0,0,0,1,1,0,73,fail
1641,0.4,fresher,81,76,87,100,88,0.037,83,84,76,0,0,0,1,0,1,1,0,78,fail
1642,6.6,senior_professional,92,67,82,100,89,0.045,54,62,100,1,0,0,0,0,1,1,0,75,fail
1643,1.8,junior_professional,85,61,43,76,81,0.031,59,65,69,0,0,1,0,0,1,1,0,59,fail
1644,1.5,junior_professional,74,87,80,94,100,0.076,84,90,57,0,0,0,0,0,1,1,0,81,pass
1645,3.4,mid_level_expert,80,60,73,57,78,0.149,128,73,76,0,0,1,0,0,1,1,0,53,fail
1646,6.9,senior_professional,44,39,69,70,59,0.15,100,58,37,0,0,0,0,0,0,1,0,34,fail
1647,8.8,senior_professional,80,75,71,83,88,0.204,71,100,87,0,0,0,0,0,1,1,0,71,pass
1648,1.0,junior_professional,73,54,52,49,52,0.175,127,54,28,0,1,0,0,0,1,1,0,37,fail
1649,0.2,fresher,92,90,100,75,70,0.031,80,96,68,0,0,0,0,0,1,1,0,84,pass
1650,12.8,industry_veteran,75,78,83,85,75,0.092,112,76,75,0,0,0,0,0,1,1,0,61,fail
1651,4.4,mid_level_expert,100,100,100,100,78,0.091,92,74,100,0,0,0,0,1,1,1,0,89,fail
1652,7.1,senior_professional,72,72,78,71,44,0.075,90,77,77,0,0,0,0,0,1,1,0,57,fail
1653,8.0,senior_professional,100,100,61,100,95,0.052,60,99,100,0,0,0,0,0,1,1,0,93,pass
1654,1.5,junior_professional,50,70,74,53,49,0.11,64,61,81,0,0,0,1,0,1,1,0,52,fail
1655,11.5,industry_veteran,90,94,92,88,81,0.183,64,89,40,0,0,0,0,0,1,1,0,73,pass
1656,3.2,mid_level_expert,42,66,29,70,49,0.098,130,44,48,0,0,0,0,0,1,1,0,31,fail
1657,2.2,junior_professional,55,86,59,55,71,0.12,95,79,72,0,0,0,0,1,1,1,0,67,fail
1658,1.2,junior_professional,77,67,62,82,73,0.153,62,59,88,0,0,0,1,0,1,1,0,68,fail
1659,14.9,industry_veteran,60,80,43,89,40,0.113,128,49,69,0,0,0,0,0,1,1,0,53,fail
1660,1.3,junior_professional,38,36,50,48,57,0.179,67,47,40,0,0,0,0,0,1,1,0,20,fail
1661,1.1,junior_professional,24,40,56,68,26,0.147,42,60,56,0,0,0,0,0,0,1,0,21,fail
1662,0.2,fresher,100,73,56,77,92,0.084,84,57,52,0,0,0,0,1,1,1,0,71,fail
1663,3.9,mid_level_expert,97,100,98,74,73,0.12,75,78,98,1,0,0,0,0,1,1,0,93,fail
1664,12.0,industry_veteran,97,81,86,74,97,0.12,82,81,100,0,0,0,0,0,1,1,0,94,pass
1665,4.7,mid_level_expert,70,69,62,63,61,0.143,107,76,45,0,0,0,0,0,1,1,1,45,fail
1666,11.7,industry_veteran,75,63,76,63,66,0.217,105,77,71,1,0,0,0,0,1,1,0,55,fail
1667,12.0,industry_veteran,61,85,64,67,74,0.105,130,67,65,0,0,0,0,0,1,1,0,71,pass
1668,8.0,senior_professional,72,67,70,82,93,0.186,43,72,62,0,0,0,0,0,1,1,0,62,fail
1669,4.6,mid_level_expert,77,80,61,81,88,0.099,79,93,74,0,0,0,0,0,1,1,0,79,pass
1670,0.0,fresher,93,100,99,88,81,0.057,80,100,55,0,0,0,0,0,1,1,1,75,fail
1671,4.5,mid_level_expert,100,100,75,100,100,0.058,127,87,100,0,0,0,0,0,1,1,0,87,pass
1672,2.8,junior_professional,83,67,58,68,74,0.01,50,82,72,0,0,0,0,0,1,1,0,73,pass
1673,3.0,mid_level_expert,100,89,100,100,84,0.081,56,90,93,0,0,0,0,0,1,1,0,71,pass
1674,13.4,industry_veteran,87,90,100,100,87,0.071,43,92,100,0,1,0,0,0,1,1,0,81,fail
1675,0.6,fresher,41,55,29,39,37,0.185,105,35,37,0,0,0,0,0,1,1,0,39,fail
1676,7.1,senior_professional,84,83,71,59,83,0.036,124,84,71,0,0,0,0,0,1,1,0,65,fail
1677,2.8,junior_professional,55,53,69,46,49,0.182,127,53,45,0,1,0,0,0,1,1,0,53,fail
1678,0.8,fresher,39,49,73,62,56,0.159,46,59,64,0,0,0,1,0,1,1,0,46,fail
1679,11.5,industry_veteran,80,97,76,83,100,0.122,39,84,79,0,0,0,0,0,1,1,0,78,pass
1680,13.0,industry_veteran,31,45,30,66,45,0.178,80,30,36,0,0,0,0,0,1,1,0,21,fail
1681,2.7,junior_professional,100,52,84,68,61,0.17,54,78,65,0,0,0,0,0,1,1,0,57,fail
1682,1.5,junior_professional,62,50,58,63,31,0.163,102,57,69,1,0,0,0,0,1,1,0,45,fail
1683,0.5,fresher,37,64,83,68,72,0.145,25,68,51,0,1,0,0,0,1,1,0,56,fail
1684,0.6,fresher,51,82,91,76,84,0.076,65,67,74,0,0,0,0,0,1,1,1,68,fail
1685,1.2,junior_professional,62,41,53,89,70,0.082,110,38,80,0,0,0,0,0,1,1,0,59,fail
1686,12.9,industry_veteran,100,95,79,88,100,0.116,102,80,85,0,0,0,1,0,1,0,0,79,fail
1687,8.2,senior_professional,88,55,23,62,73,0.126,61,79,63,0,0,0,1,0,1,0,0,58,fail
1688,11.9,industry_veteran,100,95,83,100,90,0.118,125,65,71,0,0,0,0,0,1,1,0,69,fail
1689,1.4,junior_professional,75,58,85,73,47,0.076,42,79,87,0,0,0,0,0,1,1,0,60,fail
1690,2.2,junior_professional,87,89,100,94,100,0.062,106,80,86,0,0,0,0,0,1,1,1,80,fail
1691,2.0,junior_professional,41,32,3,34,53,0.102,39,40,40,0,0,0,0,0,1,1,0,31,fail
1692,0.2,fresher,76,71,58,46,76,0.052,96,66,32,0,0,0,0,0,1,1,0,50,fail
1693,3.9,mid_level_expert,18,37,37,32,23,0.136,98,53,25,0,0,0,0,0,1,1,0,20,fail
1694,9.6,senior_professional,98,76,52,56,45,0.082,78,66,46,0,0,0,0,0,1,1,0,73,pass
1695,9.7,senior_professional,100,100,69,81,81,0.181,81,100,90,0,0,0,0,0,1,1,0,85,pass
1696,0.3,fresher,64,73,42,44,69,0.071,74,66,93,1,0,0,0,0,1,1,0,62,fail
1697,3.5,mid_level_expert,58,53,64,44,59,0.114,36,55,65,0,0,0,0,0,1,1,0,42,fail
1698,14.3,industry_veteran,61,56,62,69,58,0.136,64,70,53,0,0,0,0,0,1,1,0,49,fail
1699,0.0,fresher,66,73,62,61,59,0.114,41,80,86,0,0,0,0,0,1,1,0,61,fail
1700,7.1,senior_professional,11,33,15,32,49,0.095,120,17,23,0,0,0,0,0,1,1,0,6,fail
1701,6.1,senior_professional,91,82,100,70,56,0.067,128,90,74,0,0,0,0,0,1,1,0,89,pass
1702,2.1,junior_professional,59,68,47,50,51,0.163,105,64,57,1,0,0,0,0,1,1,0,31,fail
1703,0.0,fresher,51,49,72,63,99,0.036,113,77,80,0,0,0,0,0,1,1,0,51,fail
1704,5.4,mid_level_expert,71,73,55,28,44,0.034,123,53,46,0,0,0,0,0,1,1,0,69,fail
1705,6.9,senior_professional,71,66,83,100,90,0.01,85,67,62,0,0,0,0,0,1,1,0,69,fail
1706,7.7,senior_professional,68,82,65,90,84,0.156,107,66,81,0,0,0,0,0,1,1,0,58,fail
1707,1.9,junior_professional,65,65,63,80,79,0.112,94,73,73,0,0,0,0,0,1,1,0,63,fail
1708,3.1,mid_level_expert,36,87,73,69,60,0.077,53,59,31,0,0,0,0,0,1,1,0,44,fail
1709,4.5,mid_level_expert,45,41,56,36,58,0.185,82,35,39,0,0,0,0,0,1,1,0,38,fail
1710,0.9,fresher,68,100,87,63,75,0.157,91,81,69,0,0,0,0,0,1,1,0,66,pass
1711,0.0,fresher,100,100,100,100,100,0.097,119,100,100,1,0,0,1,0,1,1,0,94,fail
1712,2.2,junior_professional,8,39,43,53,45,0.061,43,49,26,0,0,0,0,0,1,1,0,19,fail
1713,5.2,mid_level_expert,66,27,33,48,23,0.118,87,33,53,0,0,0,0,0,1,1,0,50,fail
1714,14.1,industry_veteran,48,67,65,74,56,0.077,91,65,83,0,0,0,0,0,1,1,0,49,fail
1715,3.3,mid_level_expert,67,39,47,50,37,0.105,119,29,41,0,0,0,0,0,1,1,0,45,fail
1716,10.5,industry_veteran,51,66,37,65,61,0.161,123,50,63,0,0,0,0,0,1,1,0,51,fail
1717,1.9,junior_professional,76,69,60,64,65,0.19,121,78,77,1,0,0,0,0,1,1,0,68,fail
1718,0.6,fresher,86,100,88,86,94,0.082,74,95,79,0,0,1,0,0,1,1,1,80,fail
1719,9.3,senior_professional,64,73,59,72,44,0.116,126,73,56,0,0,0,0,0,1,1,1,60,fail
1720,0.3,fresher,57,50,39,48,52,0.108,25,57,39,0,0,0,0,0,1,1,0,46,fail
1721,3.0,mid_level_expert,55,58,19,55,67,0.08,59,49,63,1,0,0,0,0,1,1,1,35,fail
1722,0.4,fresher,64,58,54,72,54,0.092,80,51,48,0,0,0,0,0,1,1,0,56,fail
1723,8.5,senior_professional,65,84,28,83,74,0.057,61,68,51,0,0,0,0,0,0,1,0,65,fail
1724,4.8,mid_level_expert,83,82,78,92,72,0.079,92,75,77,0,0,0,0,0,1,1,0,84,pass
1725,0.7,fresher,37,29,34,66,53,0.124,76,35,56,0,0,0,0,0,1,1,0,37,fail
1726,12.4,industry_veteran,65,87,38,35,62,0.076,84,66,36,0,0,0,0,0,1,1,0,57,fail
1727,0.4,fresher,100,79,92,71,88,0.055,114,89,100,0,0,0,0,0,1,1,0,89,pass
1728,0.1,fresher,50,62,90,85,86,0.154,102,65,58,0,0,0,0,0,1,1,0,60,fail
1729,5.5,mid_level_expert,60,45,44,50,68,0.161,113,68,99,0,0,0,0,0,1,1,0,44,fail
1730,8.5,senior_professional,63,68,91,81,52,0.17,86,69,49,0,0,0,0,0,1,1,0,53,fail
1731,1.2,junior_professional,56,40,75,82,55,0.129,94,62,58,0,0,1,0,0,1,1,1,45,fail
1732,3.1,mid_level_expert,39,72,18,64,58,0.121,46,74,51,0,0,0,0,0,1,1,0,38,fail
1733,10.4,industry_veteran,56,41,35,45,38,0.13,88,38,52,0,0,0,0,0,1,1,0,42,fail
1734,5.3,mid_level_expert,100,82,68,88,100,0.132,85,100,100,0,0,0,0,0,1,1,1,89,fail
1735,2.0,junior_professional,54,72,53,76,41,0.138,111,41,46,0,1,0,0,0,1,1,0,46,fail
1736,3.0,mid_level_expert,42,33,26,32,50,0.216,106,38,11,0,0,0,0,0,1,1,1,27,fail
1737,0.4,fresher,84,87,89,67,61,0.109,128,100,65,0,0,0,0,0,1,1,0,85,pass
1738,2.4,junior_professional,79,80,98,91,92,0.073,47,84,78,0,0,0,0,0,0,1,0,86,fail
1739,6.8,senior_professional,53,63,44,85,61,0.116,108,61,70,0,0,0,0,0,1,1,0,61,fail
1740,8.3,senior_professional,58,71,68,60,72,0.028,118,79,64,0,0,0,0,0,1,1,0,62,fail
1741,6.5,senior_professional,87,84,70,86,79,0.088,121,89,80,0,0,0,0,0,1,1,0,67,pass
1742,13.2,industry_veteran,57,83,87,75,77,0.08,44,71,92,0,0,0,0,0,1,1,0,64,fail
1743,1.3,junior_professional,97,73,86,74,92,0.018,76,93,65,0,0,0,0,0,1,1,0,83,pass
1744,0.3,fresher,100,100,95,91,82,0.058,103,100,100,0,0,0,0,0,1,1,0,89,pass
1745,10.8,industry_veteran,85,100,85,75,69,0.116,36,73,100,0,0,0,0,0,1,1,0,76,pass
1746,9.3,senior_professional,21,50,66,69,66,0.091,36,45,64,0,0,0,0,0,1,1,0,41,fail
1747,4.3,mid_level_expert,52,76,67,64,80,0.193,45,58,43,0,0,0,0,0,1,1,0,53,fail
1748,8.5,senior_professional,93,89,100,100,87,0.049,108,100,100,0,0,0,0,0,1,1,0,89,pass
1749,2.4,junior_professional,86,100,85,100,95,0.08,92,73,63,0,0,0,0,0,1,1,0,90,pass
1750,3.7,mid_level_expert,72,57,44,53,57,0.188,100,68,63,0,0,0,0,0,1,1,1,55,fail
1751,0.9,fresher,85,42,59,61,56,0.043,109,71,51,0,0,0,0,0,1,1,0,59,fail
1752,2.8,junior_professional,76,92,100,86,100,0.035,25,88,100,1,0,0,0,1,1,1,0,87,fail
1753,2.3,junior_professional,51,61,48,65,66,0.128,61,57,49,0,0,0,0,0,1,1,0,39,fail
1754,8.7,senior_professional,76,81,95,92,61,0.151,110,76,71,0,0,0,0,0,1,1,0,65,fail
1755,0.1,fresher,75,50,62,56,38,0.211,76,52,60,0,1,0,0,0,1,1,0,41,fail
1756,1.7,junior_professional,75,65,100,81,79,0.017,77,79,56,0,1,0,0,0,1,1,0,65,fail
1757,0.4,fresher,79,38,78,78,47,0.036,129,67,87,0,0,0,0,0,1,1,0,59,fail
1758,1.9,junior_professional,97,63,55,56,63,0.028,124,66,28,0,0,0,0,0,1,1,0,58,fail
1759,12.7,industry_veteran,74,77,52,77,75,0.054,88,66,69,0,1,0,0,0,1,1,0,69,fail
1760,3.1,mid_level_expert,56,41,69,43,34,0.144,120,53,53,1,0,0,0,0,1,1,0,35,fail
1761,11.8,industry_veteran,97,100,84,91,57,0.047,39,79,75,0,0,0,0,0,1,1,0,79,pass
1762,3.9,mid_level_expert,62,51,63,60,80,0.189,112,74,74,0,0,0,0,0,1,1,0,47,fail
1763,10.6,industry_veteran,65,75,48,39,52,0.117,122,72,47,0,0,0,0,0,1,1,0,48,fail
1764,3.1,mid_level_expert,95,84,77,96,94,0.031,115,100,99,0,0,0,0,0,1,1,0,81,pass
1765,3.2,mid_level_expert,35,19,10,29,15,0.083,80,31,30,1,0,0,0,0,1,1,0,33,fail
1766,14.0,industry_veteran,81,48,88,55,96,0.086,67,83,81,0,0,0,0,0,1,1,0,71,pass
1767,5.2,mid_level_expert,60,66,68,35,74,0.155,32,76,73,0,0,0,0,0,1,1,0,66,fail
1768,0.7,fresher,77,77,68,57,83,0.082,93,71,50,0,0,0,0,0,1,1,0,64,fail
1769,7.6,senior_professional,59,64,40,77,68,0.157,110,77,54,0,0,0,0,0,1,1,0,38,fail
1770,13.8,industry_veteran,71,65,86,73,77,0.02,59,83,77,0,0,0,0,0,1,1,0,81,pass
1771,6.6,senior_professional,54,74,38,51,54,0.114,121,71,76,0,0,0,0,0,1,1,0,47,fail
1772,1.3,junior_professional,79,95,81,86,95,0.121,93,92,94,0,0,0,0,0,1,1,0,88,pass
1773,0.5,fresher,66,100,98,84,98,0.12,51,79,90,0,0,0,0,0,1,1,1,82,fail
1774,13.8,industry_veteran,79,97,79,97,85,0.132,101,63,75,0,0,0,0,0,1,1,0,72,pass
1775,8.7,senior_professional,76,43,69,62,56,0.09,107,45,62,0,0,0,0,0,1,1,0,51,fail
1776,2.7,junior_professional,78,75,94,52,78,0.063,88,76,80,0,0,0,0,0,1,1,0,79,pass
1777,3.4,mid_level_expert,45,50,61,52,32,0.058,72,44,47,0,0,0,0,0,1,1,0,39,fail
1778,14.3,industry_veteran,60,87,66,66,83,0.12,101,68,71,0,0,0,0,0,1,0,0,54,fail
1779,12.0,industry_veteran,83,100,100,90,70,0.101,108,61,68,0,0,0,0,0,1,1,0,74,pass
1780,9.1,senior_professional,82,49,67,62,81,0.183,59,75,57,0,0,0,0,0,1,1,0,47,fail
1781,5.1,mid_level_expert,55,69,53,82,79,0.054,33,75,88,0,0,0,0,0,1,1,0,53,fail
1782,0.2,fresher,76,72,79,98,65,0.144,112,84,100,0,0,0,0,0,1,1,0,66,fail
1783,3.8,mid_level_expert,77,32,42,35,51,0.182,75,79,71,0,0,0,1,1,1,1,0,43,fail
1784,7.1,senior_professional,65,82,78,72,69,0.065,102,80,86,0,1,0,0,0,1,1,0,70,fail
1785,10.5,industry_veteran,85,70,95,77,94,0.102,61,73,81,0,0,0,0,0,1,1,0,86,pass
1786,14.1,industry_veteran,71,55,57,61,61,0.208,33,50,60,0,0,0,0,0,1,1,0,59,fail
1787,1.2,junior_professional,52,51,65,55,57,0.01,95,78,73,0,0,0,0,1,1,1,0,64,fail
1788,2.7,junior_professional,79,78,99,93,84,0.068,66,79,93,0,0,0,0,0,1,1,0,77,pass
1789,5.3,mid_level_expert,35,66,73,57,45,0.118,94,63,60,0,0,0,0,0,1,1,0,55,fail
1790,5.2,mid_level_expert,58,47,63,80,65,0.2,36,50,58,0,0,0,1,0,1,1,0,49,fail
1791,2.5,junior_professional,50,48,65,65,32,0.22,50,61,57,0,0,0,0,1,1,1,0,41,fail
1792,14.8,industry_veteran,81,71,49,80,75,0.245,109,57,69,0,0,0,0,0,1,1,0,54,fail
1793,11.6,industry_veteran,79,55,61,82,73,0.094,42,67,93,0,0,0,0,0,1,1,0,64,fail
1794,7.1,senior_professional,69,51,69,78,60,0.01,42,54,58,0,0,0,0,0,1,1,0,67,fail
1795,12.5,industry_veteran,52,46,25,65,43,0.059,49,56,49,0,0,0,0,1,1,1,0,52,fail
1796,12.1,industry_veteran,73,68,62,46,69,0.147,66,84,59,0,1,0,0,0,1,1,0,51,fail
1797,0.1,fresher,32,56,82,80,60,0.146,95,66,44,0,0,0,0,0,1,1,0,42,fail
1798,2.0,junior_professional,65,61,60,79,90,0.078,33,62,84,0,0,0,0,0,1,1,0,61,fail
1799,3.9,mid_level_expert,64,78,92,98,72,0.144,121,87,99,0,0,0,0,0,1,1,0,72,pass
1800,2.1,junior_professional,42,41,39,53,40,0.149,124,59,54,0,0,0,0,0,1,1,0,24,fail
1801,5.2,mid_level_expert,73,67,100,61,70,0.186,100,78,59,0,0,0,0,0,1,1,0,76,pass
1802,13.9,industry_veteran,42,46,84,74,49,0.25,64,59,34,0,0,0,0,0,1,1,0,40,fail
1803,12.0,industry_veteran,69,48,44,69,85,0.155,51,54,47,0,0,0,0,0,1,1,0,62,fail
1804,12.5,industry_veteran,73,79,94,97,78,0.091,92,95,90,0,0,0,0,0,1,1,0,82,pass
1805,12.3,industry_veteran,96,72,100,93,100,0.11,77,86,89,0,0,0,0,0,1,1,0,86,pass
1806,4.3,mid_level_expert,85,69,63,78,69,0.202,37,99,67,0,0,0,0,0,1,1,0,71,pass
1807,3.1,mid_level_expert,67,86,89,80,90,0.102,77,79,80,0,0,0,0,0,1,1,0,85,pass
1808,13.0,industry_veteran,71,74,83,91,70,0.106,30,82,79,0,0,0,0,1,1,1,0,72,fail
1809,1.5,junior_professional,86,83,78,91,75,0.057,95,100,67,0,0,0,0,0,1,1,0,84,pass
1810,6.6,senior_professional,90,100,100,100,80,0.112,29,82,93,0,0,0,0,0,1,1,0,93,pass
1811,0.8,fresher,42,47,50,53,73,0.186,101,52,55,0,0,0,0,0,1,1,0,51,fail
1812,0.8,fresher,57,74,83,59,50,0.141,70,84,73,0,0,0,0,0,1,1,1,64,fail
1813,1.4,junior_professional,41,70,31,72,46,0.116,123,36,28,0,0,0,0,0,1,1,0,45,fail
1814,1.4,junior_professional,44,48,57,77,76,0.174,85,66,78,0,0,0,0,0,1,1,0,44,fail
1815,1.3,junior_professional,93,63,87,69,82,0.089,33,95,83,0,1,0,0,0,1,1,0,77,fail
1816,9.4,senior_professional,34,53,34,22,22,0.018,45,14,8,0,0,0,0,0,1,1,0,27,fail
1817,0.0,fresher,38,59,50,48,30,0.175,54,53,33,0,0,0,0,0,1,1,0,38,fail
1818,11.8,industry_veteran,79,100,83,90,91,0.092,112,76,75,0,0,0,0,0,1,1,0,68,fail
1819,13.0,industry_veteran,86,63,59,89,47,0.196,49,80,73,0,0,0,0,0,1,1,0,61,fail
1820,0.0,fresher,79,74,92,86,71,0.073,95,72,78,0,0,0,0,0,1,1,1,83,fail
1821,2.0,junior_professional,88,87,80,69,85,0.049,88,51,79,0,0,0,0,0,1,1,0,69,fail
1822,1.8,junior_professional,73,78,79,92,77,0.027,77,78,60,0,0,0,0,0,1,1,0,74,pass
1823,2.5,junior_professional,87,74,91,64,83,0.052,40,68,65,0,0,0,0,0,1,1,0,73,pass
1824,1.1,junior_professional,50,49,40,55,66,0.109,68,43,46,0,0,0,0,0,1,1,0,40,fail
1825,0.8,fresher,100,100,85,97,100,0.124,39,82,69,0,0,0,0,0,1,1,0,90,pass
1826,7.6,senior_professional,100,87,100,99,77,0.101,122,73,88,0,0,0,0,0,1,1,0,82,pass
1827,5.1,mid_level_expert,100,98,79,69,96,0.08,115,100,100,0,0,0,0,0,1,1,0,99,pass
1828,11.6,industry_veteran,36,51,41,68,38,0.228,89,60,38,0,0,0,0,0,1,1,0,31,fail
1829,0.5,fresher,52,23,26,40,58,0.065,78,54,62,0,0,0,0,0,1,1,0,42,fail
1830,14.8,industry_veteran,67,64,67,76,83,0.122,30,88,82,0,0,0,0,0,1,1,0,76,pass
1831,9.3,senior_professional,54,41,52,68,33,0.125,130,39,65,0,0,0,0,0,1,1,0,48,fail
1832,0.3,fresher,76,41,52,75,56,0.18,57,33,50,0,0,0,0,0,1,1,0,57,fail
1833,10.7,industry_veteran,99,100,93,100,100,0.112,120,100,96,0,0,0,0,0,1,1,0,96,pass
1834,2.4,junior_professional,48,58,53,68,57,0.163,89,42,67,0,0,0,0,0,1,1,0,44,fail
1835,3.4,mid_level_expert,31,53,76,20,15,0.174,109,59,53,0,0,0,0,0,1,1,0,32,fail
1836,12.5,industry_veteran,37,56,89,64,61,0.196,110,35,41,0,0,0,0,0,1,1,0,40,fail
1837,1.9,junior_professional,86,62,52,72,65,0.083,86,62,61,0,0,0,0,0,1,1,1,59,fail
1838,4.5,mid_level_expert,76,100,95,93,88,0.038,79,97,96,0,0,0,0,0,1,1,0,74,pass
1839,5.8,mid_level_expert,41,96,67,83,76,0.024,86,84,72,1,0,0,0,0,1,1,0,58,fail
1840,2.9,junior_professional,72,57,65,66,73,0.133,27,71,79,0,0,1,0,0,1,1,0,58,fail
1841,2.6,junior_professional,50,44,73,66,69,0.01,118,75,91,0,1,0,0,0,1,1,0,51,fail
1842,2.7,junior_professional,88,74,68,100,75,0.144,79,73,73,0,0,0,0,0,1,1,0,66,fail
1843,0.5,fresher,34,43,53,67,64,0.245,55,44,46,0,0,0,0,0,1,1,0,40,fail
1844,10.1,industry_veteran,79,53,76,70,71,0.093,42,71,79,0,0,0,0,0,1,1,0,59,fail
1845,12.5,industry_veteran,73,88,83,71,98,0.079,76,82,87,0,0,0,1,0,1,1,0,75,fail
1846,1.4,junior_professional,83,64,85,80,95,0.043,62,91,99,0,0,0,0,1,1,1,0,86,fail
1847,7.1,senior_professional,87,94,95,94,71,0.016,130,97,90,0,0,0,0,0,1,1,0,83,pass
1848,3.3,mid_level_expert,76,75,100,79,76,0.123,93,100,87,0,0,0,0,0,1,1,0,82,pass
1849,6.1,senior_professional,100,100,97,100,95,0.083,83,100,94,0,0,0,0,0,1,1,0,100,pass
1850,0.7,fresher,65,72,78,81,76,0.102,120,57,74,0,0,0,0,0,1,1,0,71,pass
1851,14.9,industry_veteran,100,100,75,81,94,0.053,49,100,87,0,0,0,0,0,1,1,0,76,pass
1852,7.3,senior_professional,61,54,50,70,55,0.25,46,56,68,0,0,0,0,0,1,1,0,43,fail
1853,1.3,junior_professional,79,79,98,81,87,0.15,128,88,100,0,0,0,0,0,1,1,1,65,fail
1854,0.7,fresher,100,69,87,77,79,0.083,98,73,100,0,0,0,0,0,1,1,0,80,pass
1855,1.8,junior_professional,55,51,63,79,68,0.14,25,81,71,0,0,0,0,0,1,1,0,58,fail
1856,1.1,junior_professional,74,85,80,87,82,0.177,83,89,84,1,0,0,0,0,1,0,0,67,fail
1857,5.2,mid_level_expert,86,56,88,78,87,0.069,26,95,86,0,1,0,0,0,1,1,0,67,fail
1858,0.2,fresher,72,60,73,61,52,0.146,51,61,71,0,0,0,0,0,1,1,0,52,fail
1859,2.1,junior_professional,66,39,9,55,40,0.131,118,38,38,0,0,0,0,0,1,1,0,49,fail
1860,9.1,senior_professional,71,68,61,88,75,0.19,99,76,68,0,0,0,0,1,1,1,0,63,fail
1861,2.7,junior_professional,53,63,88,64,75,0.223,65,73,67,0,0,0,0,0,1,1,0,38,fail
1862,1.8,junior_professional,31,79,48,61,80,0.121,68,59,81,0,0,0,0,0,1,1,0,54,fail
1863,2.5,junior_professional,85,100,81,76,79,0.056,117,80,76,0,0,0,0,0,1,1,0,87,pass
1864,5.0,mid_level_expert,100,96,82,87,64,0.164,31,96,82,0,0,0,0,0,1,1,0,71,pass
1865,0.8,fresher,63,70,77,96,53,0.129,92,67,51,0,0,0,0,0,1,0,1,55,fail
1866,1.6,junior_professional,80,79,83,82,68,0.131,75,82,70,0,0,0,0,0,1,1,0,70,pass
1867,7.6,senior_professional,52,98,90,99,62,0.195,71,56,78,0,0,0,0,0,1,1,0,64,fail
1868,4.8,mid_level_expert,5,21,40,29,16,0.11,92,31,0,0,0,0,0,0,1,1,0,10,fail
1869,3.7,mid_level_expert,61,64,62,71,55,0.096,36,40,58,0,0,0,0,0,1,1,0,44,fail
1870,7.4,senior_professional,100,80,100,85,94,0.12,101,91,100,0,0,0,0,0,1,1,0,79,pass
1871,9.1,senior_professional,68,88,92,57,88,0.085,107,85,73,0,0,0,0,0,1,1,0,67,fail
1872,0.2,fresher,31,53,46,57,55,0.167,96,79,65,0,0,0,0,0,1,1,0,25,fail
1873,0.5,fresher,59,74,48,83,61,0.215,81,57,40,0,0,0,0,0,1,1,0,44,fail
1874,7.0,senior_professional,55,38,75,73,63,0.122,75,71,72,0,0,0,0,0,1,1,0,46,fail
1875,7.8,senior_professional,59,81,65,88,81,0.041,111,78,97,0,0,0,0,0,1,1,0,56,fail
1876,0.5,fresher,91,84,95,86,99,0.121,81,82,80,0,0,0,0,0,1,1,0,79,pass
1877,0.8,fresher,63,67,74,69,76,0.123,29,77,67,0,0,0,0,0,1,1,0,53,fail
1878,14.0,industry_veteran,100,94,87,100,97,0.116,91,100,69,0,0,0,0,0,1,1,0,82,pass
1879,8.2,senior_professional,32,30,50,12,52,0.068,77,40,33,0,0,0,0,0,1,1,0,19,fail
1880,12.7,industry_veteran,57,73,64,74,45,0.213,91,65,80,0,0,0,0,0,1,1,0,44,fail
1881,0.4,fresher,56,57,53,75,99,0.155,93,48,67,0,0,0,0,0,1,1,0,54,fail
1882,2.2,junior_professional,100,93,58,74,74,0.079,48,79,86,0,0,0,0,0,1,1,0,66,fail
1883,11.0,industry_veteran,38,33,39,75,57,0.089,89,49,33,1,0,0,0,0,1,1,0,41,fail
1884,8.7,senior_professional,100,95,94,80,88,0.171,35,100,89,0,0,0,0,0,1,1,0,92,pass
1885,7.2,senior_professional,59,62,97,79,66,0.139,26,68,68,0,0,0,0,0,1,1,0,53,fail
1886,0.9,fresher,43,29,58,50,58,0.205,111,33,68,0,0,0,0,0,1,1,1,24,fail
1887,2.0,junior_professional,22,24,9,29,36,0.179,47,23,5,0,0,0,0,0,1,1,0,7,fail
1888,5.5,mid_level_expert,45,76,60,48,39,0.115,44,66,67,0,0,0,0,0,1,1,0,41,fail
1889,14.4,industry_veteran,91,93,81,76,86,0.103,125,91,79,0,0,0,0,0,1,1,0,82,pass
1890,0.1,fresher,85,63,53,71,91,0.135,110,47,36,0,0,0,0,0,1,1,0,56,fail
1891,3.5,mid_level_expert,77,77,94,82,90,0.049,61,50,72,0,0,0,0,0,1,1,0,57,fail
1892,0.4,fresher,81,78,73,81,81,0.106,42,92,89,0,0,0,0,0,1,1,0,90,pass
1893,9.9,senior_professional,62,54,88,97,63,0.119,88,88,64,0,0,0,0,0,1,1,0,66,fail
1894,4.8,mid_level_expert,38,70,74,37,49,0.141,64,57,20,1,0,0,0,0,1,1,0,31,fail
1895,0.0,fresher,88,80,73,63,71,0.15,109,85,78,0,0,0,0,0,1,1,0,78,pass
1896,3.1,mid_level_expert,71,49,60,48,40,0.075,98,70,40,0,0,0,0,0,1,1,0,53,fail
1897,0.4,fresher,44,45,80,38,54,0.101,92,48,62,0,0,0,0,0,1,1,0,44,fail
1898,14.3,industry_veteran,42,22,16,44,58,0.198,93,37,38,1,0,0,0,0,1,1,0,24,fail
1899,13.4,industry_veteran,67,91,48,57,61,0.176,87,74,54,0,0,0,0,0,1,1,0,60,fail
1900,0.7,fresher,57,52,49,98,38,0.15,47,40,61,0,0,0,0,0,1,1,0,50,fail
1901,0.7,fresher,58,57,66,84,57,0.014,96,72,63,0,0,0,0,0,1,1,0,51,fail
1902,12.1,industry_veteran,100,85,100,95,75,0.071,125,98,81,0,0,0,0,0,1,1,0,94,pass
1903,0.6,fresher,43,55,45,49,54,0.172,106,50,57,0,0,0,0,0,1,1,0,35,fail
1904,8.8,senior_professional,30,59,40,75,45,0.082,78,49,18,0,0,0,0,0,1,0,0,22,fail
1905,1.6,junior_professional,95,90,99,100,100,0.119,50,88,92,0,0,0,0,0,1,1,0,80,pass
1906,9.0,senior_professional,75,100,62,97,92,0.072,79,74,78,0,0,0,0,0,1,1,0,77,pass
1907,0.8,fresher,59,54,57,65,62,0.141,62,73,69,0,0,0,0,0,1,1,0,57,fail
1908,6.1,senior_professional,60,56,42,59,27,0.132,62,67,59,0,0,0,0,0,1,1,0,44,fail
1909,5.1,mid_level_expert,89,100,85,100,90,0.11,30,70,87,0,0,0,0,0,1,1,0,76,pass
1910,9.6,senior_professional,46,46,53,51,55,0.167,60,57,69,0,0,0,0,0,1,1,0,37,fail
1911,0.6,fresher,100,66,70,85,100,0.01,36,80,66,0,0,0,0,0,1,1,0,67,fail
1912,1.8,junior_professional,80,87,60,86,63,0.053,124,69,89,0,0,0,0,0,1,1,0,82,pass
1913,10.1,industry_veteran,68,91,100,70,100,0.075,101,76,67,0,0,0,0,0,1,1,0,71,pass
1914,0.7,fresher,80,78,79,48,63,0.116,128,42,75,0,0,0,0,0,1,1,0,67,fail
1915,2.7,junior_professional,64,48,83,85,72,0.053,84,45,81,0,0,0,0,0,1,1,0,64,fail
1916,3.4,mid_level_expert,68,70,82,68,73,0.086,78,81,100,0,0,0,1,0,1,1,0,74,fail
1917,4.1,mid_level_expert,42,80,47,60,65,0.107,84,49,73,0,0,0,0,0,1,1,0,56,fail
1918,1.5,junior_professional,79,72,74,98,70,0.204,80,66,69,0,0,0,0,0,1,1,0,80,pass
1919,5.1,mid_level_expert,61,52,80,50,67,0.138,101,67,62,0,0,0,1,0,1,1,0,42,fail
1920,0.2,fresher,66,91,50,80,74,0.038,119,54,100,1,0,0,0,0,1,1,0,72,fail
1921,2.2,junior_professional,72,67,75,77,76,0.14,55,69,64,0,0,0,0,0,1,1,0,62,fail
1922,0.3,fresher,75,64,98,78,51,0.136,43,79,65,0,0,0,0,0,1,1,0,72,fail
1923,0.5,fresher,66,47,52,59,65,0.233,27,41,55,0,0,0,0,0,1,1,0,40,fail
1924,13.6,industry_veteran,71,100,68,56,71,0.041,83,92,86,0,1,0,0,0,1,1,0,77,fail
1925,5.3,mid_level_expert,41,54,35,52,68,0.206,88,12,52,0,0,0,0,0,1,1,0,23,fail
1926,1.4,junior_professional,45,50,45,48,50,0.205,69,65,76,0,0,0,0,0,1,1,0,48,fail
1927,3.2,mid_level_expert,100,100,83,100,86,0.141,102,78,80,0,0,0,0,0,1,1,0,93,pass
1928,8.0,senior_professional,82,69,67,55,79,0.114,101,77,59,0,0,0,0,0,1,1,0,68,fail
1929,2.4,junior_professional,42,58,82,58,63,0.174,57,64,62,1,0,0,0,0,1,1,0,54,fail
1930,0.4,fresher,71,50,61,67,52,0.11,55,45,56,0,0,0,0,0,1,1,0,48,fail
1931,12.1,industry_veteran,70,64,69,51,64,0.136,53,40,52,0,0,0,0,0,1,1,0,62,fail
1932,11.9,industry_veteran,67,60,54,59,76,0.193,49,46,49,0,0,0,0,0,1,1,0,47,fail
1933,10.6,industry_veteran,100,90,97,64,94,0.072,85,70,91,0,0,0,0,0,1,1,0,85,pass
1934,0.0,fresher,83,76,100,97,86,0.116,117,78,61,0,0,0,0,0,1,1,0,73,pass
1935,0.4,fresher,59,71,82,74,62,0.07,79,93,59,0,0,1,0,0,1,1,0,64,fail
1936,3.0,mid_level_expert,61,77,57,65,53,0.126,48,74,66,0,0,1,0,0,1,1,0,56,fail
1937,0.0,fresher,80,62,97,97,81,0.176,25,80,67,0,0,0,0,0,1,1,0,79,pass
1938,7.5,senior_professional,40,45,52,50,23,0.15,53,31,41,0,0,0,0,0,1,1,0,39,fail
1939,3.8,mid_level_expert,71,65,25,79,72,0.048,106,86,55,0,0,0,0,0,1,1,0,58,fail
1940,0.3,fresher,74,62,87,63,67,0.095,87,65,100,0,0,0,0,0,1,1,0,71,pass
1941,13.7,industry_veteran,36,58,40,69,65,0.137,61,56,34,0,0,0,0,0,1,1,0,38,fail
1942,3.3,mid_level_expert,100,83,100,100,77,0.14,68,93,94,0,0,0,0,0,0,1,0,79,fail
1943,2.7,junior_professional,91,100,92,69,82,0.01,95,99,99,0,0,0,1,0,1,1,0,89,fail
1944,9.3,senior_professional,100,97,99,100,90,0.058,124,94,77,0,0,0,0,0,1,1,0,87,pass
1945,3.9,mid_level_expert,69,48,75,47,66,0.189,38,64,61,0,0,0,0,0,1,1,0,47,fail
1946,2.3,junior_professional,49,43,56,57,67,0.13,115,60,65,1,0,0,0,0,1,1,0,48,fail
1947,5.3,mid_level_expert,100,74,66,100,80,0.04,128,75,99,0,0,0,0,0,1,1,0,92,pass
1948,0.7,fresher,98,94,85,100,76,0.147,129,67,75,0,0,0,0,0,1,1,0,73,pass
1949,4.3,mid_level_expert,65,84,100,100,75,0.044,108,75,74,0,0,0,0,0,1,1,0,78,pass
1950,5.2,mid_level_expert,73,63,59,100,87,0.032,88,67,95,0,0,0,0,0,1,1,0,69,fail
1951,4.9,mid_level_expert,84,89,74,92,64,0.141,63,83,100,0,0,0,0,0,1,1,0,70,pass
1952,7.9,senior_professional,77,70,100,100,100,0.101,63,100,100,0,0,0,0,0,1,1,0,69,fail
1953,0.4,fresher,100,89,80,97,100,0.149,36,100,78,0,0,0,0,0,1,1,0,85,pass
1954,1.6,junior_professional,97,86,91,100,60,0.067,37,87,66,0,0,0,0,0,1,1,0,81,pass
1955,3.4,mid_level_expert,56,63,51,66,77,0.156,111,81,59,0,0,0,0,0,1,1,0,57,fail
1956,12.0,industry_veteran,100,60,88,94,61,0.117,63,100,74,0,0,0,0,0,1,1,0,82,pass
1957,0.4,fresher,45,62,72,33,45,0.193,122,55,21,0,0,0,0,0,1,1,0,52,fail
1958,12.1,industry_veteran,100,92,100,93,69,0.087,51,80,82,0,0,0,0,0,1,1,0,84,pass
1959,4.7,mid_level_expert,83,90,100,93,96,0.144,43,61,89,0,0,0,0,0,1,1,0,86,pass
1960,0.6,fresher,78,65,67,56,73,0.142,94,54,71,0,0,0,0,0,1,1,0,60,fail
1961,4.0,mid_level_expert,66,59,56,49,73,0.144,81,56,62,0,0,0,0,0,1,1,0,48,fail
1962,7.1,senior_professional,50,38,51,9,40,0.158,64,45,32,1,0,0,0,0,1,1,0,30,fail
1963,5.4,mid_level_expert,50,43,63,59,54,0.132,25,50,85,0,0,0,0,0,1,1,0,42,fail
1964,12.7,industry_veteran,42,70,81,51,55,0.052,106,54,57,0,0,0,0,1,1,1,0,59,fail
1965,8.4,senior_professional,94,52,100,100,37,0.156,65,51,75,0,0,0,0,0,1,1,0,69,fail
1966,2.8,junior_professional,55,62,43,73,53,0.158,69,35,43,0,0,0,0,1,1,1,0,42,fail
1967,11.6,industry_veteran,57,65,68,51,78,0.145,117,61,68,0,0,0,0,0,1,1,0,51,fail
1968,8.7,senior_professional,75,63,63,36,73,0.222,49,60,73,0,0,0,0,0,1,1,0,60,fail
1969,2.1,junior_professional,70,66,100,78,72,0.042,33,67,57,0,0,0,0,0,1,1,0,79,pass
1970,7.6,senior_professional,46,54,55,77,47,0.071,55,60,64,0,1,0,0,0,1,1,0,39,fail
1971,0.1,fresher,55,68,67,67,74,0.134,114,55,63,0,0,0,0,0,1,1,0,49,fail
1972,2.8,junior_professional,100,61,100,100,100,0.068,63,90,100,0,0,0,0,0,1,1,0,87,pass
1973,9.4,senior_professional,87,83,88,78,78,0.116,94,100,100,0,0,0,0,0,1,1,0,85,pass
1974,11.3,industry_veteran,96,98,100,100,100,0.097,119,82,100,0,0,0,0,0,1,1,0,90,pass
1975,5.0,mid_level_expert,48,49,63,65,61,0.05,30,48,16,0,0,0,0,0,1,1,0,46,fail
1976,1.9,junior_professional,88,78,74,90,82,0.048,64,78,61,1,0,0,0,0,1,1,0,82,fail
1977,14.0,industry_veteran,56,78,89,63,64,0.108,49,82,87,0,0,0,0,0,1,1,0,53,fail
1978,2.8,junior_professional,89,79,77,85,56,0.12,74,76,67,0,0,0,0,0,1,1,0,77,pass
1979,1.1,junior_professional,50,44,39,42,41,0.16,75,28,31,0,0,0,0,0,1,1,0,38,fail
1980,6.9,senior_professional,47,42,33,44,49,0.08,102,51,52,1,0,0,0,0,1,1,0,27,fail
1981,3.1,mid_level_expert,72,72,79,83,75,0.161,66,72,83,0,0,0,0,0,1,1,0,61,fail
1982,8.7,senior_professional,70,51,62,75,55,0.092,94,47,52,0,0,0,0,0,1,1,0,47,fail
1983,5.3,mid_level_expert,66,56,39,40,37,0.134,29,40,65,0,0,0,0,0,1,1,0,61,fail
1984,2.2,junior_professional,65,58,78,48,68,0.134,75,51,35,0,0,0,1,0,1,1,0,58,fail
1985,0.3,fresher,95,94,56,93,90,0.131,95,100,77,0,0,0,0,0,1,1,0,75,pass
1986,0.2,fresher,41,52,29,58,28,0.132,81,53,42,0,0,0,0,0,1,1,0,15,fail
1987,4.0,mid_level_expert,44,50,74,55,44,0.192,121,63,45,0,0,0,0,0,1,1,0,44,fail
1988,14.6,industry_veteran,76,100,97,100,86,0.099,127,96,100,0,0,0,0,0,1,1,0,80,pass
1989,0.3,fresher,86,73,58,88,49,0.194,88,71,81,0,0,0,0,0,1,1,0,58,fail
1990,9.4,senior_professional,72,93,99,80,93,0.061,104,72,100,0,0,0,0,0,1,1,0,78,pass
1991,13.8,industry_veteran,74,72,69,77,67,0.137,105,79,38,0,0,0,0,0,1,1,0,60,fail
1992,8.8,senior_professional,60,69,66,75,47,0.154,92,90,57,0,0,0,0,0,1,1,0,55,fail
1993,5.0,mid_level_expert,69,61,71,78,36,0.256,90,64,62,0,0,0,0,0,1,1,0,57,fail
1994,1.7,junior_professional,92,78,72,79,86,0.059,95,92,75,0,1,0,0,0,1,1,0,84,fail
1995,0.4,fresher,66,84,88,80,67,0.037,51,73,74,0,0,0,0,0,1,1,0,68,fail
1996,0.4,fresher,61,89,86,88,77,0.115,102,79,70,0,0,0,0,0,1,1,0,59,fail
1997,0.7,fresher,50,41,74,59,49,0.165,123,36,30,0,0,0,0,0,1,1,0,53,fail
1998,0.4,fresher,100,100,100,100,100,0.095,53,90,84,0,0,0,0,0,1,1,0,100,pass
1999,8.6,senior_professional,72,45,58,73,81,0.181,111,83,58,0,0,0,0,0,1,1,0,56,fail
2000,4.1,mid_level_expert,70,72,72,88,53,0.162,113,77,93,0,0,0,0,0,1,1,0,68,fail
2001,0.6,fresher,63,83,92,70,78,0.074,105,71,65,0,0,0,0,0,1,1,0,69,fail
2002,13.5,industry_veteran,85,84,86,100,79,0.039,39,71,100,0,0,0,0,0,1,1,0,79,pass
2003,3.4,mid_level_expert,38,6,5,20,37,0.125,113,25,25,0,0,0,0,0,1,1,0,21,fail
2004,4.6,mid_level_expert,65,83,42,66,57,0.121,47,48,14,0,0,0,0,0,1,0,0,49,fail
2005,0.8,fresher,97,90,84,100,100,0.122,62,68,88,0,0,0,0,0,1,1,0,91,pass
2006,8.7,senior_professional,83,86,90,100,69,0.04,106,64,100,0,0,0,0,0,1,1,0,95,pass
2007,8.8,senior_professional,52,62,70,42,100,0.082,50,60,53,0,0,0,0,0,1,1,0,57,fail
2008,0.8,fresher,79,61,56,91,67,0.07,32,55,73,0,0,0,0,0,1,1,0,77,pass
2009,1.8,junior_professional,30,33,41,34,43,0.16,97,25,34,0,0,0,0,1,1,1,0,33,fail
2010,9.2,senior_professional,53,53,82,57,60,0.128,112,81,62,0,0,0,0,0,1,1,0,52,fail
2011,2.5,junior_professional,67,84,65,90,78,0.018,44,81,100,0,0,0,0,0,1,1,0,74,pass
2012,3.4,mid_level_expert,37,20,41,25,32,0.144,102,27,30,0,0,0,0,0,1,1,0,24,fail
2013,3.4,mid_level_expert,57,55,68,67,54,0.218,63,67,57,0,0,0,0,0,1,1,0,66,fail
2014,0.7,fresher,57,55,49,38,13,0.2,69,25,28,0,0,0,0,0,1,1,0,37,fail
2015,3.1,mid_level_expert,41,26,83,60,62,0.123,107,44,49,0,0,0,0,0,1,1,0,41,fail
2016,2.5,junior_professional,52,10,25,33,24,0.234,104,38,2,0,0,0,0,0,1,1,0,9,fail
2017,14.7,industry_veteran,48,58,55,72,68,0.133,45,66,44,0,0,0,0,0,1,1,0,48,fail
2018,5.8,mid_level_expert,100,87,90,100,70,0.17,66,80,69,0,1,0,0,0,1,1,0,90,fail
2019,2.6,junior_professional,100,99,97,90,100,0.069,122,77,74,0,0,0,0,0,1,1,0,100,pass
2020,7.1,senior_professional,75,77,86,96,98,0.101,91,68,81,0,0,0,0,0,1,1,0,75,pass
2021,0.9,fresher,54,53,42,59,55,0.176,44,53,35,0,1,0,0,0,1,1,0,50,fail
2022,0.0,fresher,60,69,90,75,66,0.055,65,85,61,0,0,0,0,0,1,1,0,59,fail
2023,0.1,fresher,96,87,81,96,82,0.071,49,77,92,0,0,0,0,0,1,1,0,86,pass
2024,1.8,junior_professional,52,49,51,66,55,0.136,90,56,61,0,1,0,0,0,1,1,0,35,fail
2025,4.0,mid_level_expert,60,100,97,82,100,0.188,29,100,91,0,0,0,0,0,1,1,0,82,pass
2026,14.9,industry_veteran,69,70,54,92,78,0.129,32,85,45,0,0,0,0,0,1,1,0,57,fail
2027,4.6,mid_level_expert,45,44,37,32,42,0.104,60,27,52,0,0,0,0,0,0,1,0,36,fail
2028,0.1,fresher,63,76,59,67,100,0.116,96,84,79,0,0,0,0,0,1,1,0,66,fail
2029,8.6,senior_professional,63,74,52,86,66,0.165,69,74,86,0,0,0,0,0,1,1,0,54,fail
2030,15.0,industry_veteran,81,86,37,66,68,0.096,47,61,46,0,0,0,0,0,1,1,1,49,fail
2031,8.2,senior_professional,78,82,83,67,68,0.093,38,77,61,0,0,0,0,0,1,1,0,65,fail
2032,1.1,junior_professional,61,50,65,46,56,0.103,58,64,61,0,0,0,0,0,1,1,0,56,fail
2033,4.9,mid_level_expert,90,59,93,85,80,0.1,111,77,73,0,0,0,0,0,1,1,0,76,pass
2034,8.2,senior_professional,72,82,78,49,58,0.01,53,84,52,0,0,0,0,0,1,1,0,81,pass
2035,1.0,junior_professional,59,46,43,66,61,0.076,125,59,52,0,0,0,0,1,1,1,0,49,fail
2036,8.0,senior_professional,100,91,100,96,100,0.113,29,86,98,0,0,0,0,0,1,1,0,83,pass
2037,0.3,fresher,80,75,74,70,88,0.048,82,64,79,0,0,0,0,0,1,1,0,71,pass
2038,3.5,mid_level_expert,100,94,55,85,70,0.072,33,99,98,0,0,0,0,0,1,1,0,78,pass
2039,0.2,fresher,52,30,63,53,37,0.071,31,44,47,0,0,0,0,1,1,1,0,47,fail
2040,8.4,senior_professional,88,76,87,100,50,0.168,83,75,56,0,0,1,0,0,1,1,0,71,fail
2041,0.0,fresher,70,76,98,88,87,0.146,124,97,93,0,0,0,0,0,1,1,0,72,pass
2042,12.8,industry_veteran,21,54,43,65,30,0.158,75,63,55,0,0,0,0,0,1,1,0,38,fail
2043,0.8,fresher,71,67,87,81,80,0.089,81,70,73,0,0,0,0,0,1,1,0,55,fail
2044,3.2,mid_level_expert,46,64,39,67,54,0.047,95,64,68,0,0,0,0,0,1,1,0,53,fail
2045,12.6,industry_veteran,92,68,92,100,93,0.066,26,92,100,1,0,0,0,0,1,1,0,80,fail
2046,6.3,senior_professional,79,91,100,100,100,0.079,87,90,92,0,0,0,0,0,1,1,0,89,pass
2047,0.8,fresher,96,73,79,79,89,0.14,39,85,78,0,0,0,1,0,1,0,0,79,fail
2048,5.7,mid_level_expert,41,51,49,42,48,0.186,111,65,67,0,0,0,0,0,1,1,0,45,fail
2049,0.2,fresher,72,61,77,52,60,0.172,28,82,62,0,0,0,0,0,1,1,0,55,fail
2050,8.1,senior_professional,73,45,83,55,48,0.125,127,80,65,0,0,0,0,1,1,1,0,68,fail
2051,9.3,senior_professional,76,60,64,81,53,0.096,130,83,59,0,0,0,0,0,1,1,0,70,pass
2052,0.7,fresher,85,52,73,65,85,0.052,27,95,82,0,0,0,0,0,1,1,0,77,pass
2053,0.8,fresher,92,91,86,97,91,0.083,74,63,93,0,0,1,0,0,1,1,0,84,fail
2054,5.3,mid_level_expert,69,100,97,100,76,0.097,49,82,70,0,0,0,0,0,1,1,0,74,pass
2055,8.1,senior_professional,58,42,44,34,43,0.137,79,53,52,0,0,0,0,0,1,1,0,46,fail
2056,9.1,senior_professional,67,83,87,93,83,0.104,37,77,61,1,0,0,0,0,1,1,0,67,fail
2057,2.7,junior_professional,100,96,93,100,89,0.103,101,95,100,0,0,0,0,0,1,1,0,97,pass
2058,0.1,fresher,96,68,88,74,100,0.142,93,93,86,0,0,0,0,0,1,1,0,72,pass
2059,2.3,junior_professional,75,39,57,45,62,0.156,58,72,57,0,0,0,0,0,1,1,0,50,fail
2060,3.0,mid_level_expert,99,94,100,100,93,0.104,70,99,100,0,0,0,0,0,1,1,0,100,pass
2061,5.6,mid_level_expert,69,83,68,74,87,0.124,49,66,60,0,0,0,0,0,1,1,0,61,fail
2062,8.8,senior_professional,38,18,24,47,39,0.132,27,53,29,0,0,0,0,0,1,1,0,27,fail
2063,8.6,senior_professional,86,97,74,98,100,0.108,57,79,94,0,0,0,0,0,1,1,0,85,pass
2064,14.9,industry_veteran,64,82,93,74,68,0.069,56,64,45,0,0,0,0,0,1,1,0,57,fail
2065,3.1,mid_level_expert,62,56,79,31,59,0.147,82,63,71,0,0,0,0,0,1,1,0,55,fail
2066,0.3,fresher,88,91,85,100,93,0.073,106,88,75,0,0,0,0,0,1,1,0,92,pass
2067,4.1,mid_level_expert,32,68,67,76,71,0.137,130,85,68,0,0,0,1,0,1,1,0,58,fail
2068,6.6,senior_professional,93,81,86,72,73,0.078,58,90,79,0,0,0,0,0,1,1,0,78,pass
2069,14.7,industry_veteran,83,83,56,76,68,0.128,54,67,87,0,0,0,0,0,1,1,0,64,fail
2070,11.5,industry_veteran,53,63,55,57,53,0.16,88,55,54,1,0,0,0,0,1,0,0,33,fail
2071,0.5,fresher,63,71,89,73,71,0.123,126,72,47,0,0,0,0,0,1,1,0,65,fail
2072,3.1,mid_level_expert,50,71,20,24,48,0.126,91,34,25,0,0,0,0,0,1,1,0,33,fail
2073,0.3,fresher,100,100,64,72,77,0.08,128,79,76,0,0,1,0,0,1,1,0,77,fail
2074,1.6,junior_professional,79,85,100,97,93,0.138,101,80,92,0,0,0,0,0,1,1,0,82,pass
2075,5.8,mid_level_expert,91,64,63,96,91,0.03,88,77,92,0,0,0,0,0,1,1,0,68,fail
2076,0.3,fresher,22,49,47,41,34,0.209,64,73,41,0,1,0,0,0,1,1,0,29,fail
2077,9.1,senior_professional,72,98,90,82,94,0.114,71,100,69,0,0,0,0,0,1,1,0,74,pass
2078,4.9,mid_level_expert,46,46,81,40,65,0.126,69,49,83,0,0,1,0,0,1,1,0,45,fail
2079,1.7,junior_professional,72,61,57,62,36,0.158,91,59,47,0,0,0,0,0,1,1,0,55,fail
2080,2.4,junior_professional,36,60,49,40,50,0.021,26,52,60,0,0,0,0,0,1,1,0,48,fail
2081,1.0,junior_professional,65,83,72,71,70,0.045,49,76,85,0,0,0,0,0,1,1,0,66,fail
2082,7.1,senior_professional,100,84,94,77,66,0.142,120,76,79,0,1,0,0,0,1,1,0,86,fail
2083,0.3,fresher,44,64,81,73,90,0.081,37,79,67,0,0,0,0,0,1,1,0,58,fail
2084,4.1,mid_level_expert,64,88,87,85,79,0.096,92,64,83,0,1,0,0,0,1,1,0,84,fail
2085,0.3,fresher,28,37,24,46,23,0.132,112,60,61,0,0,0,0,0,1,1,0,22,fail
2086,1.1,junior_professional,16,29,46,31,62,0.117,75,56,38,0,0,0,0,0,1,1,0,23,fail
2087,3.8,mid_level_expert,100,84,100,96,100,0.089,103,83,88,0,1,0,0,0,1,1,0,82,fail
2088,4.7,mid_level_expert,57,29,31,58,54,0.15,52,58,12,0,0,0,0,0,1,1,0,36,fail
2089,4.7,mid_level_expert,75,87,78,88,100,0.131,126,87,88,0,0,0,0,0,1,1,0,76,pass
2090,1.5,junior_professional,83,77,98,98,72,0.162,96,100,99,0,0,0,0,1,1,1,0,61,fail
2091,10.5,industry_veteran,75,49,73,61,61,0.108,57,60,49,0,0,0,0,0,1,1,0,54,fail
2092,0.4,fresher,63,78,74,69,90,0.125,79,84,87,0,1,0,0,0,1,1,0,64,fail
2093,12.5,industry_veteran,58,75,30,73,81,0.01,29,83,63,0,0,0,0,0,1,1,0,42,fail
2094,11.1,industry_veteran,84,71,100,62,80,0.01,57,95,78,0,0,0,0,0,1,1,0,98,pass
2095,9.4,senior_professional,87,62,77,78,73,0.213,49,49,70,0,1,0,0,0,1,1,0,65,fail
2096,2.8,junior_professional,76,64,58,55,80,0.139,95,68,52,0,0,0,0,0,1,1,0,54,fail
2097,9.4,senior_professional,63,68,72,83,63,0.064,107,87,81,0,0,0,0,0,1,1,0,64,fail
2098,3.1,mid_level_expert,62,69,89,66,70,0.154,83,59,75,1,0,0,0,0,1,1,0,69,fail
2099,0.7,fresher,13,34,43,23,23,0.149,31,27,22,0,0,0,0,0,1,1,0,23,fail
2100,0.0,fresher,65,65,70,64,62,0.162,74,55,66,0,0,0,0,0,1,1,0,53,fail
2101,14.9,industry_veteran,58,68,75,74,98,0.179,122,61,67,0,0,0,0,0,1,1,0,53,fail
2102,11.6,industry_veteran,88,62,69,65,75,0.152,29,49,83,0,1,0,0,0,1,1,0,68,fail
2103,0.6,fresher,39,53,35,66,32,0.062,116,51,43,0,0,0,0,0,1,1,0,34,fail
2104,4.3,mid_level_expert,92,74,76,93,97,0.101,88,93,85,0,0,0,0,0,1,1,0,79,pass
2105,4.6,mid_level_expert,63,81,63,88,79,0.064,76,52,91,0,0,0,0,0,1,1,0,62,fail
2106,2.3,junior_professional,89,73,84,71,86,0.081,91,78,81,0,0,0,0,0,1,1,0,86,pass
2107,3.7,mid_level_expert,73,19,60,37,54,0.098,92,26,53,0,0,0,0,0,1,1,0,40,fail
2108,1.6,junior_professional,90,87,86,94,94,0.043,61,100,100,0,0,0,0,0,1,1,0,87,pass
2109,10.3,industry_veteran,95,75,52,64,55,0.128,101,100,92,0,0,0,0,0,1,1,0,78,pass
2110,4.0,mid_level_expert,36,74,49,46,58,0.21,46,52,63,0,0,0,0,0,1,1,0,39,fail
2111,10.3,industry_veteran,54,40,29,64,64,0.143,40,28,41,0,0,0,0,0,1,1,0,39,fail
2112,6.7,senior_professional,98,61,67,80,65,0.152,64,63,61,0,0,0,0,0,1,1,0,65,fail
2113,2.3,junior_professional,75,70,25,47,59,0.159,124,77,56,0,0,0,0,0,1,1,0,57,fail
2114,12.0,industry_veteran,59,44,35,38,90,0.098,87,57,77,0,0,0,0,0,1,1,0,57,fail
2115,3.4,mid_level_expert,71,77,74,70,66,0.096,66,77,69,0,0,0,0,0,1,1,0,60,fail
2116,8.8,senior_professional,41,26,54,34,30,0.12,25,51,25,0,0,0,0,0,1,1,0,26,fail
2117,5.3,mid_level_expert,88,75,96,87,96,0.053,94,93,78,0,0,0,0,0,1,1,0,78,pass
2118,2.7,junior_professional,98,100,100,100,89,0.057,68,91,100,0,0,0,0,0,1,1,0,95,pass
2119,1.7,junior_professional,33,45,18,24,0,0.165,55,14,12,0,0,0,0,0,1,1,0,31,fail
2120,10.1,industry_veteran,91,96,73,71,80,0.101,102,75,71,0,0,1,0,0,1,1,0,68,fail
2121,8.7,senior_professional,97,80,85,90,80,0.154,93,100,63,1,0,0,0,0,1,1,0,75,fail
2122,1.1,junior_professional,77,67,76,66,68,0.207,116,78,66,0,0,0,0,0,1,1,1,63,fail
2123,1.6,junior_professional,57,63,80,55,77,0.15,113,63,49,0,0,0,0,0,1,1,0,49,fail
2124,6.3,senior_professional,38,37,47,44,51,0.23,25,58,53,0,1,0,0,0,1,1,0,47,fail
2125,0.1,fresher,77,66,77,85,100,0.056,82,76,85,0,0,0,0,0,1,1,0,70,pass
2126,6.5,senior_professional,27,25,63,60,40,0.131,113,57,26,0,0,0,1,0,1,1,0,32,fail
2127,0.9,fresher,100,100,100,95,100,0.147,67,100,75,0,0,0,0,0,1,0,1,86,fail
2128,6.0,senior_professional,43,60,81,60,67,0.086,97,44,37,0,0,0,0,0,1,1,0,56,fail
2129,11.0,industry_veteran,77,92,94,72,98,0.138,99,72,92,0,0,0,0,0,1,1,0,76,pass
2130,0.1,fresher,55,58,55,52,48,0.061,57,49,71,0,0,0,0,0,1,1,1,48,fail
2131,7.2,senior_professional,60,61,69,51,78,0.13,105,75,74,0,0,0,0,0,1,1,0,51,fail
2132,5.5,mid_level_expert,71,77,85,78,81,0.078,85,71,80,0,0,0,0,0,1,1,0,72,pass
2133,9.2,senior_professional,50,81,82,84,62,0.106,60,66,62,0,0,0,0,0,0,1,0,65,fail
2134,2.5,junior_professional,27,54,55,42,42,0.077,78,17,30,0,0,0,0,0,1,1,0,27,fail
2135,0.5,fresher,97,99,100,95,96,0.08,40,70,71,0,0,0,0,0,1,1,0,90,pass
2136,14.3,industry_veteran,60,48,56,58,43,0.041,97,93,83,0,0,0,0,0,1,1,0,43,fail
2137,11.8,industry_veteran,30,22,75,35,46,0.192,51,36,25,0,0,0,0,0,1,1,0,31,fail
2138,3.9,mid_level_expert,71,100,75,69,96,0.088,72,76,94,0,0,0,0,0,1,1,0,54,fail
2139,0.8,fresher,75,100,89,100,100,0.089,42,99,85,0,1,0,0,0,1,1,0,83,fail
2140,14.8,industry_veteran,52,39,53,59,39,0.047,25,46,47,0,1,0,0,0,1,1,0,45,fail
2141,0.4,fresher,74,63,51,78,78,0.12,32,72,71,0,0,0,0,0,1,1,0,60,fail
2142,11.3,industry_veteran,52,64,59,67,76,0.077,59,50,67,1,0,0,0,0,0,1,0,48,fail
2143,7.8,senior_professional,90,74,70,51,65,0.078,124,43,69,0,0,0,0,0,1,1,0,70,pass
2144,2.1,junior_professional,84,66,87,100,79,0.113,98,92,52,0,0,0,0,0,1,1,0,67,fail
2145,10.5,industry_veteran,47,59,47,34,71,0.146,99,33,39,0,0,0,0,0,1,1,0,41,fail
2146,0.9,fresher,61,57,71,64,40,0.213,109,24,57,0,0,0,0,0,1,1,0,36,fail
2147,7.9,senior_professional,48,67,69,79,84,0.095,78,65,50,0,0,0,0,0,1,1,0,52,fail
2148,4.3,mid_level_expert,82,61,81,52,72,0.127,95,59,75,0,0,0,0,0,0,1,0,69,fail
2149,5.1,mid_level_expert,63,68,80,70,69,0.061,88,78,68,0,0,0,0,0,1,1,0,60,fail
2150,4.7,mid_level_expert,25,49,58,56,70,0.02,92,67,55,0,0,0,0,0,1,1,0,49,fail
2151,0.3,fresher,60,82,75,81,77,0.026,118,99,78,0,0,0,0,0,1,1,0,78,pass
2152,0.7,fresher,67,91,95,84,57,0.19,40,68,92,0,0,0,0,0,1,1,0,68,fail
2153,8.8,senior_professional,74,62,61,83,87,0.159,80,60,89,0,0,0,0,0,1,1,0,66,fail
2154,13.4,industry_veteran,93,75,75,77,88,0.111,126,77,63,0,0,0,0,0,1,1,0,76,pass
2155,3.1,mid_level_expert,48,64,52,62,57,0.104,102,42,37,0,0,0,0,0,1,1,0,45,fail
2156,0.2,fresher,83,60,66,74,56,0.168,54,55,75,0,0,0,0,0,0,1,0,56,fail
2157,4.0,mid_level_expert,49,56,60,73,62,0.155,86,43,44,0,0,0,0,0,1,1,0,46,fail
2158,3.3,mid_level_expert,79,100,59,98,71,0.127,72,100,87,0,1,0,0,0,1,1,0,73,fail
2159,1.6,junior_professional,82,39,76,59,68,0.19,53,68,44,0,0,0,0,0,1,1,0,57,fail
2160,11.7,industry_veteran,88,91,88,99,80,0.081,113,96,94,0,0,0,0,0,1,1,0,96,pass
2161,14.0,industry_veteran,60,57,62,56,70,0.087,31,54,66,0,0,0,0,0,1,1,0,41,fail
2162,5.1,mid_level_expert,35,24,26,4,51,0.07,41,30,48,0,0,0,1,0,1,1,0,27,fail
2163,1.2,junior_professional,83,79,80,63,81,0.091,120,67,68,0,0,0,0,0,1,1,0,68,fail
2164,8.6,senior_professional,62,81,64,64,65,0.176,118,53,68,0,0,0,0,0,1,1,0,58,fail
2165,3.8,mid_level_expert,44,51,36,47,61,0.172,41,40,52,0,0,0,0,0,1,1,0,32,fail
2166,3.9,mid_level_expert,72,55,69,58,66,0.154,105,64,64,0,0,0,0,0,1,1,0,52,fail
2167,0.5,fresher,15,32,47,41,37,0.098,113,25,34,0,0,0,0,0,1,1,0,21,fail
2168,1.9,junior_professional,64,35,83,46,83,0.12,91,49,47,0,0,0,0,0,1,1,0,47,fail
2169,1.1,junior_professional,90,93,99,90,100,0.183,43,100,71,0,0,0,0,0,1,1,0,86,pass
2170,5.7,mid_level_expert,72,61,71,83,100,0.13,44,95,47,0,0,0,0,0,1,1,0,65,fail
2171,0.5,fresher,100,97,87,100,93,0.136,48,100,100,0,0,0,0,0,1,1,0,94,pass
2172,1.3,junior_professional,98,87,76,81,95,0.155,58,85,67,0,0,0,0,0,1,1,0,72,pass
2173,10.7,industry_veteran,42,46,62,72,61,0.179,124,51,46,0,0,0,0,0,1,1,0,40,fail
2174,9.3,senior_professional,77,70,76,80,100,0.099,114,77,67,0,0,0,0,0,1,1,0,63,fail
2175,9.2,senior_professional,62,92,80,92,55,0.049,39,64,80,0,1,0,0,0,1,1,0,60,fail
2176,3.6,mid_level_expert,17,28,38,56,19,0.169,57,20,12,0,0,0,0,0,1,1,0,18,fail
2177,8.9,senior_professional,84,87,96,100,84,0.092,113,100,79,0,0,0,0,0,1,1,0,80,pass
2178,9.2,senior_professional,71,81,60,68,39,0.136,81,89,39,0,0,1,1,0,1,1,0,41,fail
2179,11.8,industry_veteran,55,90,83,82,65,0.174,85,87,71,0,0,0,0,0,1,1,0,82,pass
2180,3.8,mid_level_expert,65,49,57,70,58,0.267,45,60,68,0,0,0,0,0,1,1,0,40,fail
2181,7.8,senior_professional,60,56,45,45,71,0.112,33,38,30,0,0,0,0,0,1,1,0,33,fail
2182,9.2,senior_professional,54,52,67,86,58,0.029,76,76,76,0,0,0,0,0,1,1,0,55,fail
2183,6.0,senior_professional,62,72,75,74,56,0.143,28,60,46,0,0,0,0,0,1,1,0,54,fail
2184,7.6,senior_professional,76,78,64,75,66,0.027,123,55,57,0,0,0,0,0,1,0,0,64,fail
2185,0.8,fresher,44,38,64,62,60,0.139,115,61,52,0,0,0,0,0,1,1,0,48,fail
2186,11.9,industry_veteran,86,90,76,68,80,0.104,108,70,86,0,0,0,0,0,1,1,0,75,pass
2187,4.2,mid_level_expert,78,96,96,79,67,0.027,106,85,100,0,0,0,0,0,1,1,0,85,pass
2188,0.2,fresher,35,33,60,57,45,0.066,68,56,56,0,0,0,0,0,1,1,0,41,fail
2189,12.9,industry_veteran,94,80,37,64,87,0.192,95,67,90,0,0,0,0,1,1,1,0,65,fail
2190,10.8,industry_veteran,89,85,100,94,93,0.055,27,85,92,0,0,0,0,0,0,1,0,70,fail
2191,2.9,junior_professional,64,85,95,77,76,0.04,49,79,100,0,1,0,1,0,1,1,0,66,fail
2192,7.7,senior_professional,85,91,85,72,97,0.168,86,84,93,0,0,0,0,0,1,1,0,66,fail
2193,9.9,senior_professional,64,96,60,87,81,0.115,42,93,79,0,0,0,0,0,1,1,0,62,fail
2194,9.6,senior_professional,44,62,63,68,81,0.18,98,77,68,0,0,0,0,0,1,1,0,52,fail
2195,0.2,fresher,53,42,29,31,52,0.085,61,35,64,1,0,0,0,0,1,1,0,48,fail
2196,10.8,industry_veteran,60,72,48,47,86,0.107,51,61,80,0,0,0,0,0,1,1,0,64,fail
2197,4.5,mid_level_expert,61,52,76,82,76,0.087,57,66,43,0,0,0,0,0,1,1,0,52,fail
2198,2.2,junior_professional,71,89,73,52,41,0.108,34,66,67,0,0,0,0,0,1,1,0,53,fail
2199,1.1,junior_professional,56,81,94,55,65,0.044,58,88,88,0,0,0,0,0,1,1,0,76,pass
2200,4.6,mid_level_expert,50,58,40,56,34,0.147,48,43,45,1,0,0,0,0,1,1,0,57,fail
